id,N_standard_address
1,洪文六里37号502室
2,洪莲东二里54号<8068>莲前街道万景社区|莲前街道|501室
3,云顶中路731号(6021)莲前莲顺社区\莲前\503室
4,莲前西路怡富花园一、二期258#401室
5,莲前西路益友花园98$401室
6,洪文村洪文五里75号\3545\莲前洪文村洪文社区|莲前|103室
7,金鸡亭花圆小区15號C702室
8,70一布家园178号401之1室
9,宝龙国际中心办公楼801室泰康人寿
10,西林西里12号106室
11,益辉花园36号3o2室
12,西林东里45号707室
13,瑞景新村126号402室
14,侨文里28号202室
15,店上东里81号<7894>莲前街道前埔南社区||莲前街道||603室
16,文兴东二里1号1梯602
17,文兴东二里1号1梯602室
18,古兴里3号楼1703
19,前埔一里前埔北一里110$404室
20,云亭花园354号401室
21,龙山桥莲坂军休所138号201室
22,西林村西林西二里17号<7778>莲前街道|莲怡社区|莲前街道|302室
23,洪文村洪文六里4号<9248>莲前街道|莲翔社区|莲前街道|401室
24,前埔一里225号前埔北-307室
25,瑞景新村116号702室
26,洪文六里云景花园135$602室
27,东浦三里21号(6137)莲前龙山桥社区\\莲前\\402室
28,前埔东一里华林东盛花园3#202室
29,洪文六里厦航洪文小区(洪文六里)68#401室
30,64明发楼161号204室
31,洪文村洪文二里112号<3354>莲前街道瑞景社区||莲前街道||202室
32,前埔六里6号莲翔-2002室
33,洪文五里4-1号
34,莲前东路-707号前埔北-903室
35,西林社14-102号
36,西林东里39号606室
37,19厦航洪文小区--?(洪文六里)34号201室
38,前埔二里158号前埔北-401室
39,前埔二里216号806室
40,前埔二里224号前埔北-101室
41,89前埔北区|二里191号601室
42,思明前埔一里204号\7148\莲前思明前埔北社区|莲前|315室
43,思明前埔五里213号(7281)莲前莲薇社区\\莲前\\1102室
44,店上东里63号前埔南-206室
45,莲前东路-800#莲薇社区604室
46,前埔五里200号602室
47,莲前西路741号(6745)莲前莲顺社区\\莲前\\601室
48,思明区金鸡亭小区38号楼
49,42前埔北一 里 160号304
50,前埔一里154号前埔北-408室
51,洪莲里102号侨福-301室
52,前埔一里-115号前埔北社区103室
53,洪文一里23号瑞景社区702室
54,福满山庄621号104室
55,瑞景新村35号602室
56,莲前西路-803号莲顺社区1402室
57,洪文一里78号瑞景-701室
58,洪莲里12号
59,莲前东路21号嘉盛豪园房产中心
60,洪文一里69号瑞景-201室
61,洪莲西里55号804室
62,东山社83号201室
63,店上西里44-1号
64,西林西二里金磊花园31$102室
65,西林西二里金沙花园31$102室
66,东坪山社2号102室
67,东浦三里庐山公寓19$301室
68,53侨福城小区一二三期297号201室
69,文兴东二里14号602室
70,洪莲路益辉花园80$402室
71,思明区前埔南区店上西里16号903
72,前埔二里222号前埔北社区|405室
73,前埔一里前埔北一里152$303室
74,西林村西林东里145号<0558>莲前街道|莲云社区||莲前街道||601室
75,云顶中路民盛安置房719$602室
76,莲前西路东芳花园739#101室
77,前埔一里前埔北一里221#408室
78,文兴东一里前埔南区文兴东一二里24#706室
79,前埔一里前埔北一里85#606室
80,前埔二里前埔北区二里202$106室
81,洪文一里瑞景生活广场139#702室
82,东浦路龙山桥部队小区202#601室
83,56怡富花园一、二期214号102室
84,店上东里前埔南小区(店上东西里)68$102室
85,洪文23洪莲西里138号502室
86,洪文六里136号301室
87,洪莲东二里万科·金域蓝湾一期北区3|1601室
88,前埔北一 里 165号208
89,东浦路平潭驻厦办258#101室
90,洪莲里116-3号
91,洪文六里69号莲翔-106室
92,西林社67-4号208室
93,莲前东路834号(1817)莲前莲薇社区\\莲前\\C120室
94,前埔南区古兴里2号301室
95,店上东里11号\432\莲前思明前埔南社区|莲前|702室
96,店上西里12号前埔南/302室
97,金尚路12号<5191>莲前街道|莲顺社区||莲前街道||601室
98,洪文村洪文二里115号(2478)莲前街道瑞景社区||莲前街道||201室
99,洪莲里110号<5975>莲前街道侨福社区|莲前街道|601室
100,洪莲里97号903室
101,思明前埔东一里7号<5009>莲前街道前埔北社区|莲前街道|302室
102,洪莲里58号莲丰社区201|
103,洪文一里70号202室
104,莲前西路218号(1443)莲前莲怡社区\\莲前\\402室
105,83香榭园云顶花园152号601室
106,古楼北里13号(4451)莲前思明前埔南社区\\莲前\\701室
107,洪文村洪文二里111号(1171)莲前瑞景社区\\莲前\\102室
108,莲前西路怡富花园一、二期298#602室
109,西林西里142-4号
110,莲前东路66号平安银行瑞景支行
111,洪文一里瑞景新村13#502室
112,洪文一里-137号瑞景/701室
113,广顺花园697-201
114,店上东里87号(6234)莲前思明前埔南社区\\莲前\\603室
115,西林东路-305号莲云-602室
116,店上西里46号(4633)莲前思明前埔南社区\\莲前\\602室
117,前埔东一里3号1501室
118,前埔二里213号前埔北-203室
119,洪莲里67-1号
120,西林西里易地办安置房160$701室
121,东浦路166号(5494)莲前龙山桥社区\莲前\802室
122,西林西二里15号101室
123,西林西二里20号莲怡-301室
124,洪文村洪文六里20号<6052>莲前街道|莲翔社区|莲前街道|302室
125,店上西里43号308室
126,古楼北里28号504
127,古楼南里21号<8062>莲前街道前埔南社区||莲前街道||403室
128,前埔一里202号前埔北社区|502室
129,店上东里56号601室
130,西林东路-145号莲云社区|303室
131,瑞景新村56号202
132,前埔五里华林绿景花园164#601室
133,42嘉盛豪园27号702室
134,店上东里102号前埔南社区|604室
135,香榭圆云顶花圆156號702室
136,前埔二里46#前埔北社区502室
137,洪文一里4号瑞景-202室
138,店上东里店上东西里小区74|206室
139,12瑞景公园8号1002室
140,文兴东三里21号前埔南社区|403室
141,洪文一里瑞景新村6#601室
142,华瑞花园57号201室
143,福满山庄109号702
144,洪山柄北区74号402室
145,侨文里28号侨福社区402室
146,洪莲路1号1201室
147,店上东里82号(5628)莲前思明前埔南社区\\莲前\\702室
148,洪莲西里73号洪文社区|101室
149,20西林社115号公寓115号602室
150,53金磊花园22号C102室
151,67红星瑞景小区13号902室
152,瑞景公园1号301
153,瑞景新村55号502室
154,前埔南小区(店上东西里)27号3o6室
155,文兴东三里26号205室
156,前埔二里212号905室
157,前埔北区二里212號905室
158,文化站248号7o2室
159,91店上东西里小区&38号104室
160,洪文六里189号2楼或3楼
161,77前埔北/一里65号607室
162,东芳山庄15号
163,红星安华小区=5号1702室
164,福满山庄111 号、1101 室号、
165,侨文里4-9号E室
166,华林绿景花园176号602室
167,洪山柄北区77号102室
168,金鸡亭花园小区2号703室
169,83洪山柄北区147号102之1室
170,西林村113号606室
171,洪文三里17#瑞景社区C109室
172,洪文七里8号瑞景社区102室
173,前埔一里121号前埔北社区201室
174,国际会展中心A1馆安检门口
175,会展中心A4里面
176,"会展中心C1,4号门门口"
177,厦门国际会展中心B3馆 /
178,古楼北里43号-前埔南社区|702室
179,前埔五里162号莲薇社区|402室
180,莲前西路广顺花园703#102室
181,云顶岩路-33号莲云社区401室
182,洪莲西二里177号洪文社区|601室
183,洪文六里厦航洪文小区(洪文六里)24|202室
184,前埔一里207号309室
185,思明前埔二里50号<2887>莲前街道前埔北社区||莲前街道||604室
186,店上东里91号前埔南社区404室
187,前埔二里54号402室
188,田厝路前埔北区二里19$104室
189,文兴东二里30号(2686)莲前街道前埔南社区\\莲前街道\\406室
190,洪文二里105号瑞景-402室
191,洪文村洪文一里60号<4071>莲前街道瑞景社区||莲前街道||402室
192,前埔东一里12号前埔北社区|503室
193,洪文一里瑞景新村107#101室
194,莲前西路803号<8315>莲前街道|莲顺社区|莲前街道|1401室
195,前埔五里168号莲薇社区901室
196,云顶中路-701号莲顺社区202|
197,莲前西路-741号莲顺社区|741-5室
198,洪莲西里150号<5377>莲前街道洪文村洪文社区||莲前街道||101-2室
199,东浦路248-2号(6497)莲前龙山桥社区\\莲前\\101室
200,思明前埔一里203-15号<7914>莲前街道前埔北社区||莲前街道||201室
201,西林东里35号308室
202,思明前埔一里75号(6184)莲前思明前埔北社区\莲前\206室
203,前埔一里208号408室
204,文兴东一里9号107-707室
205,思明前埔一里184号(1848)莲前思明前埔北社区|莲前|903室
206,莲前东路383号(3675)莲前莲丰社区\\莲前\\1203室
207,洪莲里56号\1848\莲前莲丰社区|莲前|206室
208,洪文村洪文一里20号<3877>莲前街道瑞景社区||莲前街道||501室
209,洪文村洪文八里120号(4648)莲前街道\莲翔社区\\莲前街道\\401室
210,东浦路198号(8577)莲前龙山桥社区|莲前|504室
211,洪莲路11号<0932>莲前街道|莲丰社区||莲前街道||401室
212,思明前埔二里11号(1828)莲前街道前埔北社区||莲前街道||102室
213,东方山庄17号105
214,店上东里76号401室
215,思明前埔一里209号<8072>莲前街道前埔北社区||莲前街道||105室
216,西林东路413号2楼
217,莲前西路274号(9699)莲前莲怡社区\\莲前\\102室
218,莲前西路685号(6075)莲前莲顺社区\莲前\304室
219,前埔北/一里181号904室
220,洪文一里125号瑞景/301室
221,思明前埔二里41号(3474)莲前思明前埔北社区\\莲前\\704室
222,古兴里6号楼703
223,洪莲东二里49号(3057)莲前万景社区\\莲前\\402室
224,前埔东一里28号前埔东一里28号202室
225,东浦路190号<4619>莲前街道龙山桥社区|莲前街道|606室
226,思明前埔一里181号(6045)莲前思明前埔北社区\莲前\704室
227,瑞景//莲前東路186
228,莲薇-前埔南路56
229,前埔北社區/前埔東路19
230,前埔南社區 思明 文興東三裏43
231,蓮薇社区 思明 前埔五裏186
232,蓮順//東芳山莊46
233,蓮怡社区、蓮前西路316
234,洪文-洪蓮西裏94
235,莲豐社區/洪莲裏25
236,洪文//洪蓮西裏99
237,前埔北-田厝路110
238,僑福社区-潘宅-76
239,金雞亭社区/西林西裏87之4之3
240,蓮雲社区 思明 西林東裏233
241,蓮順社区、東芳山莊52
242,洪文社區 思明 蓮前東路698
243,蓮雲社区  西林東裏220
244,蓮薇社區-前埔南-64
245,前埔北社区、前埔二裏59
246,莲豐社區 思明 雲頂中路404
247,蓮薇//蓮前東路740
248,萬景社區-洪莲北二-1179
249,蓮豐社区-雲頂中-402
250,前埔北社区、前埔二裏211
251,蓮雲社区/西林東裏140
252,龍山橋社區/東浦路545
253,金雞亭社区、西林東裏125
254,瑞景社区-洪文一裏30
255,僑福社区、前埔西路351
256,蓮翔社區 思明 洪文八裏85
257,蓮薇社区-蓮前東-738
258,洪莲西里49-1号503室
259,洪莲里68-5号
260,洪文村洪文一里139号(6258)莲前瑞景社区\\莲前\\302室
261,洪莲里64号(4182)莲前莲丰社区\\莲前\\504室
262,洪文六里51号莲翔社区203室
263,文兴东三里27号前埔南-603室
264,思明前埔二里119号(9904)莲前思明前埔北社区\\莲前\\703室
265,店上东里78号前埔南社区|706室
266,店上东里78号前埔南社区706|
267,洪文一里102号瑞景社区|301室
268,前埔北/一里189號503室
269,店上西里前埔南小区(店上东西里)9#402室
270,莲前西路-727号莲顺/602室
271,前埔二里51号207室
272,思明前埔一里169号(937)莲前思明前埔北社区\\莲前\\106室
273,洪莲里新潘宅小区83$102室
274,洪文三里4号瑞景/701室
275,西林村东山社70号
276,西林路-50号莲怡-501室
277,洪莲东二里7号(3546)莲前万景社区\\莲前\\1303室
278,文兴东一里25号前埔南社区|503室
279,店上西里3号前埔南-206室
280,思明前埔一里212号<7179>莲前街道前埔北社区||莲前街道||617室
281,洪文村洪文七里5号<4271>莲前街道瑞景社区||莲前街道||1803室
282,莲前东路707号(7215)莲前思明前埔北社区\\莲前\\401室
283,西林西二里金沙花园38$802室
284,洪文石村社南片区16号
285,西林社98号101室
286,地质勘察院192号301室
287,西林西里87-4号203室
288,洪文四里17号瑞景-901室
289,洪文一里-45号瑞景社区501室
290,西林路-44号莲怡-305室
291,洪文六里11号702室
292,洪文六里11号莲翔社区702/
293,店上西里28号前埔南社区304室
294,前埔二里34号前埔北-606室
295,12侨福城小区一二三期16号401室
296,前埔一里43号前埔北/501室
297,店上东里52号前埔南社区706室
298,11联丰商城19号103室
299,店上东里94号前埔南社区304室
300,57古楼南里32号301室
301,洪莲里79号侨福-502室
302,云顶中路741号(9104)莲前街道|莲顺社区||莲前街道||302室
303,洪文村洪文三里11号\4479\莲前瑞景社区|莲前|604室
304,西林西二里38号莲怡社区302室
305,西林西二里38号莲怡社区302|
306,福满山庄117号102
307,洪文一里80#瑞景社区102室
308,洪莲里85号侨福社区502|
309,前埔五里207号莲薇-302室
310,洪莲里88号侨福-401室
311,西林西里102号金鸡亭-101室
312,洪文泥窟社北片区8号
313,洪文七里2号瑞景社区2001室
314,莲前西路-857号莲顺社区204室
315,西林东里147号莲云社区401/
316,87瑞景生活广场103号602室
317,洪莲里80号侨福社区501|
318,20前埔北/一里157号402室
319,洪莲里94号侨福社区801-2室
320,西林东里194-1号
321,云顶岩路67号\2979\莲前莲云社区|莲前|117室
322,东浦路240号(1226)莲前街道龙山桥社区\\莲前街道\\C109室
323,洪文村洪文一里29号<3103>莲前街道瑞景社区|莲前街道|C119室
324,西林村西林东里151号(7793)莲前莲云社区|莲前|501室
325,文兴东二里29号(9698)莲前街道前埔南社区\\莲前街道\\603室
326,店上西里40号前埔南社区305室
327,店上东里8号501室
328,店上东里8号(9565)莲前街道前埔南社区\\莲前街道\\501室
329,前埔二里214号501室
330,店上东里60号(9415)莲前思明前埔南社区\\莲前\\103室
331,西林村西林路48号(6552)莲前莲怡社区\\莲前\\301室
332,思明前埔二里186号(594)莲前思明前埔北社区\\莲前\\406室
333,莲前西路857号<5988>莲前街道|莲顺社区|莲前街道|404室
334,西林西里易地办安置房161#202室
335,思明前埔东一里13号<6939>莲前街道前埔北社区||莲前街道||502室
336,洪文村洪文一里39号(5232)莲前街道瑞景社区\\莲前街道\\702室
337,侨龙里11号202室
338,前埔一里148号-前埔北社区306室
339,莲前东路788号(5097)莲前莲薇社区\\莲前\\605室
340,思明前埔一里116号(5099)莲前思明前埔北社区\\莲前\\301室
341,洪莲西里146号(2754)莲前街道洪文村洪文社区\\莲前街道\\501室
342,侨兴里18号801
343,洪文六里66号莲翔社区1102|
344,莲前东路-850号莲薇-701室
345,思明前埔二里31号(9429)莲前思明前埔北社区|莲前|303室
346,洪莲路34号(5467)莲前街道\莲丰社区\\莲前街道\\102室
347,店上东里55号(5657)莲前街道前埔南社区\\莲前街道\\1301室
348,46云景花园147 号、502 室号、
349,洪莲西里71号(8891)莲前街道洪文村洪文社区\\莲前街道\\601-3室
350,云顶中路民盛安置房717#601-1室
351,西林村西林西二里2号(2343)莲前莲怡社区|莲前|102室
352,西林村西林西里30号(1587)莲前金鸡亭社区\\莲前\\C306室
353,西林村西林西里17号<952>莲前街道金鸡亭社区||莲前街道||C405室
354,西林东里165号莲云-C102室
355,93龙山桥部队小区178号C104室
356,洪莲里18-101号
357,前埔五里194号莲薇-201室
358,前埔一里96号前埔北-201室
359,宝龙国际中心一期1501
360,西林西二里37号莲怡-1102室
361,田厝路23号<5459>莲前街道前埔北社区|莲前街道|605室
362,西林村西林西里50号(4979)莲前金鸡亭社区\\莲前\\606室
363,思明前埔一里183号<9069>莲前街道前埔北社区||莲前街道||906室
364,莲前西路-122号龙山桥/406室
365,莲前东路914号(7601)莲前莲薇社区\\莲前\\202室
366,东盛花园前埔东一里13号404室
367,莲前西路260号(4843)莲前莲怡社区\\莲前\\103室
368,东浦路246号(7647)莲前龙山桥社区\\莲前\\402室
369,莲前西路743号\8873\莲前莲顺社区|莲前|502室
370,72店上东西里小区=93号406室
371,西林村西林东路204号<5545>莲前街道|莲云社区||莲前街道||203室
372,店上东里92号\6128\莲前思明前埔南社区|莲前|501室
373,思明前埔西路200号(1024)莲前莲薇社区\\莲前\\301室
374,洪文六里云景花园137|702室
375,文兴东三里21号404室
376,洪莲西里29号(1318)莲前街道|莲丰社区||莲前街道||503室
377,西林村西林西里76号(9575)莲前金鸡亭社区\莲前\201室
378,洪文村洪文五里71号<0313>莲前街道洪文村洪文社区||莲前街道||102室
379,洪文村洪文六里199号(9299)莲前洪文村洪文社区\莲前\203室
380,洪文石村社北片区67号
381,前埔东路200号402室
382,洪莲东二里5号(4046)莲前万景社区\\莲前\\1101室
383,西林社80号310室
384,东坪山社11-1号102室
385,59嘉盛豪园5号，1001室
386,金尚路-44-1号莲顺-203室
387,云顶岩路59号<3906>莲前街道|莲云社区|莲前街道|105室
388,洪文七里9号瑞景-103室
389,西林社95-103号
390,龙山桥部队小区/190号101
391,西林西二里金磊花园23#201室
392,东浦路-160#龙山桥社区202室
393,西林东里香榭园云顶花园147$201室
394,洪文六里厦航洪文小区(洪文六里)6|201室
395,莲前东路华林紫微小区780#703室
396,前埔二里前埔北区二里187#403室
397,洪文石村社北片区52号洪文石村社北片区52号
398,文兴东三里26号前埔南社区105|
399,洪文六里厦航洪文小区(洪文六里)8#201室
400,西林村西林东路167号<0458>莲前街道|莲云社区||莲前街道||601室
401,前埔北区|二里134号404室
402,万科金域蓝湾二期9号505
403,西林东路永裕侨建闽联云顶岩295$405室
404,洪莲西里洪山柄北区144$401室
405,东芳山庄17号莲顺-205室
406,前埔一里159号前埔北社区305室
407,前埔二里前埔北区二里130|206室
408,厦航洪文小区(洪文六里)66号602室
409,莲前东路华林紫微小区818#703室
410,都市新巢1号楼1508
411,莲前东路-619#莲薇社区904室
412,西林西里141-3号
413,云松居145号9o6室
414,洪文村洪文五里84号(1416)莲前洪文村洪文社区\莲前\1201室
415,洪文村洪文一里50号(3297)莲前瑞景社区\莲前\C105室
416,洪莲里联丰商城62$C107室
417,田厝路11号(3287)莲前街道前埔北社区||莲前街道||805-1室
418,洪文一里108号301室
419,21香榭园云顶花园１９６号６０６室
420,洪文八里52号
421,洪文六里24号402
422,前埔北区一里55号607
423,思明前埔东一里4号(5405)莲前思明前埔北社区\\莲前\\1002室
424,西林西里84号金鸡亭社区511室
425,前埔东一里5号前埔北-502室
426,18前埔北区|二里193号409室
427,西林村西林东里205号<3106>莲前街道|莲云社区|莲前街道|610室
428,洪文一里瑞景生活广场138$202室
429,51万科·金域蓝湾一期北区28號1702室
430,民盛安置房725号601室
431,洪文七里96-1号
432,金鸡亭花园小区。126号1室
433,洪文一里瑞景新村7$601室
434,洪文村洪文一里53号(5536)莲前瑞景社区\\莲前\\301室
435,洪莲里30号
436,西林村西林东里200号<5569>莲前街道|莲云社区|莲前街道|106室
437,洪莲西里74号洪文社区601室
438,洪文六里134号莲翔-401室
439,西林村东坪山社69号
440,莲前西路693号<9136>莲前街道|莲顺社区|莲前街道|101室
441,洪文六里56号莲翔-102室
442,洪莲东二里5号万景社区1501/
443,莲前西路726号<0071>莲前街道|莲云社区|莲前街道|1203室
444,西林社27号112室
445,西林社西林社83号公寓83$504室
446,西林村西林社93号<3705>莲前街道西林村西林社区|莲前街道|405室
447,西林村西林东里40号(9956)莲前金鸡亭社区|莲前|C514室
448,莲前西路162-1号(6969)莲前龙山桥社区|莲前|C119室
449,洪文八里厦航洪文小区(洪文六里)116$C102室
450,洪莲西路37号319室
451,莲前西路益友花园120#307室
452,金鸡亭小区西里8号205
453,东浦路194号\6259\莲前龙山桥社区|莲前|402室
454,洪莲西二里161号(2391)莲前洪文村洪文社区\\莲前\\602室
455,西林东里金鸡亭花园小区19#203室
456,岛内小区-民盛安置房-云顶中路717号301室
457,古楼北里古楼南里66#703室
458,洪莲西里嘉盛豪园33#902室
459,店上东里88号前埔南-201室
460,思明前埔一里65号<4759>莲前街道前埔北社区|莲前街道|108室
461,店上东里14号<2403>莲前街道前埔南社区||莲前街道||502室
462,古楼北里古楼南里36$206室
463,洪莲东二里51号<9327>莲前街道万景社区|莲前街道|1102室
464,西林东里100号金鸡亭-1室
465,洪文二里瑞景生活广场105$201室
466,洪文五里华瑞花园50$1001室
467,洪文村洪文六里145号(6222)莲前莲翔社区\\莲前\\302室
468,洪文村洪文六里138号(1769)莲前莲翔社区\莲前\201室
469,店上东里58号(4083)莲前街道前埔南社区||莲前街道||107室
470,洪莲路联丰商城13#1501室
471,洪莲东二里32号(1912)莲前万景社区\\莲前\\1101室
472,洪莲西里嘉盛豪园18$102室
473,西林村西林东路5号(571)莲前莲云社区|莲前|801室
474,洪莲里福满山庄95|1103室
475,前埔六里源泉山庄4$1701室
476,西林东路434号108室
477,洪莲西路31-9号209室
478,洪文四里红星瑞景小区13$1902室
479,店上东里38号前埔南社区702|
480,前埔二里前埔北区二里162|412室
481,前埔一里前埔北一里68#601室
482,前埔北区|二里206号405室
483,店上东里前埔南小区(店上东西里)72#103室
484,洪文六里厦航洪文小区(洪文六里)30$201室
485,思明前埔一里223号(8736)莲前思明前埔北社区\\莲前\\503室
486,莲前西路怡富花园一、二期254|302室
487,西林东路173号303室
488,西林东路水警鼓疗海军工程处173#303室
489,前埔一里明发建群雅苑小区43#902室
490,洪文一里瑞景新村23$601室
491,云顶中路民盛安置房737$302室
492,63绿洲花园856号502、
493,东浦三里庐山公寓17$201室
494,洪文五里华瑞花园54#205室
495,西林西二里28号莲怡社区502|
496,云顶岩路-45号莲云社区303|
497,西林东里香榭园云顶花园199#404室
498,永裕侨建闽联云顶岩303#303室
499,前埔二里前埔北区二里161#614室
500,洪文五里文兴社78$303室
501,前埔一里前埔北一里220$301室
502,洪文村洪文一里42号<4606>莲前街道瑞景社区|莲前街道|402室
503,莲前西路怡富花园一、二期292#204室
504,思明前埔一里90号<994>莲前街道前埔北社区|莲前街道|302室
505,东浦三里林海阳光小区29#208室
506,55西林社113号公寓113号505室
507,62香榭园云顶花园148号C101室
508,洪文三里洪文三里小区9#104室
509,侨福城小区/一二三期377号201
510,东山社64-1号101室
511,洪文一里瑞景新村15$502室
512,绿洲花园836号103室
513,思明前埔二里157号\1781\莲前思明前埔北社区|莲前|503室
514,西林村西林东里137号(1959)莲前街道|莲云社区||莲前街道||301室
515,文兴东三里16号203室
516,前埔一里41号前埔北-403室
517,云顶岩路永裕侨建闽联云顶岩37#101室
518,43店上东西里小区=1号301室
519,前埔一里59号前埔北-303室
520,洪文六里32号
521,东坪山社36号
522,洪莲西里嘉盛豪园E组团53#404室
523,厦门西林东里206号503室
524,瑞景公园9号1001室
525,思明前埔一里166号(1952)莲前街道前埔北社区||莲前街道||506室
526,店上东里80号<7874>莲前街道前埔南社区|莲前街道|202室
527,洪文泥窟社西片区1号洪文泥窟社西片区1号
528,46源泉山庄16 号、1402 室号、
529,莲前街道办事处1楼大厅
530,源泉山庄A区4号楼301
531,洪文一里19号瑞景-502室
532,洪莲北二路1535号
533,西林社85号301
534,莲前西路-282号莲怡社区602室
535,西林西里120号502室
536,洪文六里54号
537,店上东里40号204
538,洪莲路-98号莲丰社区501室
539,店上东西里小区=10号404室
540,洪莲路-44号莲丰-101室
541,洪文一里73号瑞景-702室
542,文兴东三里30号前埔南社区303室
543,金尚路-10号莲顺社区201/
544,前埔二里198号前埔北社区307/
545,文兴东三里24号(8934)莲前思明前埔南社区\\莲前\\604室
546,洪莲西里洪山柄北区136#102室
547,洪莲东二里52号万景-1002室
548,西林西里广场33号
549,莲前西路-725号莲顺--11室
550,前埔二里56号前埔北社区|505室
551,洪文一里126号瑞景社区102室
552,前埔一里71号前埔北-208室
553,东浦路-188号龙山桥社区303/
554,东浦三里11号<3758>莲前街道龙山桥社区|莲前街道|1102室
555,前埔五里201号莲薇-802室
556,思明前埔一里238号<4209>莲前街道前埔北社区|莲前街道|301室
557,洪莲东二里34号-万景社区203室
558,洪文一里90#瑞景/702室
559,洪文七里95-1#莲翔社区206室
560,云顶中路-684号莲丰-101室
561,洪莲中路533号店面
562,洪文村洪文六里64号<9895>莲前街道|莲翔社区|莲前街道|106室
563,莲前西路-108号龙山桥社区202|
564,莲前东路1188号BRT保障房1208
565,西林村西林东里146号(3516)莲前莲云社区\\莲前\\C104室
566,西林村西林西里6号(4886)莲前金鸡亭社区\\莲前\\C405室
567,东浦路-154号龙山桥社区C126|
568,洪文一里123号301室
569,前埔二里186号前埔北社区106|
570,侨文里27号(7642)莲前侨福社区\\莲前\\202室
571,莲前西路288号(4064)莲前莲怡社区\\莲前\\602室
572,洪莲西里168号204室
573,古楼南里16号前埔南/401室
574,东浦路龙山桥部队小区178$503室
575,洪莲东二里50号<5371>莲前街道万景社区||莲前街道||203室
576,洪文村洪文八里46号(9114)莲前莲翔社区\\莲前\\401室
577,洪文一里53号瑞景社区101室
578,店上东里100号(1214)莲前思明前埔南社区\\莲前\\102室
579,洪文村洪文一里83号(3657)莲前瑞景社区\\莲前\\202室
580,洪文五里58号瑞景社区202室
581,店上东里50号(4526)莲前街道前埔南社区||莲前街道||406室
582,洪文村洪文六里58号<7745>莲前街道|莲翔社区||莲前街道||702室
583,古楼北里古楼南里51#508室
584,西林西里118号金鸡亭社区1202室
585,莲前西路721号(3132)莲前街道|莲顺社区||莲前街道||603室
586,洪文23洪莲西里143号402室
587,西林西里40号金鸡亭社区418室
588,古楼南里12号前埔南社区|204室
589,思明前埔五里197号<9488>莲前街道|莲薇社区||莲前街道||405室
590,前埔东一里华林东盛花园17$303室
591,洪莲里21号莲丰社区604-3室
592,西林社西林社111号公寓111$105室
593,洪文七里瑞景公园36#104室
594,莲前东路华林紫微小区762$C103室
595,莲前西路龙山桥莲坂军休所136#C103室
596,云顶中路民盛安置房701#201室
597,莲前西路龙山桥莲坂军休所164$602室
598,西林西里金鸡亭花园小区57$702室
599,洪莲路108号501室
600,洪莲路益辉花园108#501室
601,洪文六里厦航洪文小区(洪文六里)37|501室
602,前埔一里前埔北一里164$602室
603,莲前西路益友花园118|507室
604,店上东里前埔南小区(店上东西里)59#406室
605,前埔五里华林绿景花园170$302室
606,西林东里香榭园云顶花园195$105室
607,西林西里金鸡亭花园小区69#301室
608,洪莲西里嘉盛豪园2$102室
609,洪文一里瑞景新村82#702室
610,73前埔北/一里144号113室
611,前埔一里前埔北一里66#106室
612,莲前东路822号(151)莲前莲薇社区|莲前|506室
613,莲前西路怡富花园一、二期224$202室
614,45前埔北区|二里188号3o2室
615,莲前东路华林紫微小区810$301室
616,洪莲里新潘宅小区79#401室
617,莲前西路龙山桥莲坂军休所140$502室
618,古楼南里31号402室
619,店上东里91号前埔南-303室
620,嘉盛豪园41栋303
621,33瑞景新村110号601室
622,洪文五里华瑞花园3#601-1室
623,莲前东路788-3号店面
624,益友花园122号101室
625,金鸡亭花园小区56号C707室
626,63联丰商城67号C112室
627,益友花圆130號202室
628,68金鸡亭花园小区29号502室
629,20瑞景新村6号，301室
630,前埔二里16栋143梯505
631,莲前东路750号<0949>莲前街道|莲薇社区|莲前街道|303室
632,华林绿景花园１７０号１００１室
633,洪文村洪文一里78号(3949)莲前瑞景社区|莲前|402室
634,西林村西林东里162号(6748)莲前莲云社区\\莲前\\501室
635,莲前东路-844号莲薇-101室
636,42国贸新城  28号603室
637,思明前埔一里200号<7285>莲前街道前埔北社区|莲前街道|205室
638,91前埔北区|二里162号312室
639,前埔二里182号前埔北社区105室
640,68广顺花园721号304室
641,47云顶至尊83 号、402 室号、
642,洪莲西里78号<7991>莲前街道洪文村洪文社区|莲前街道|602室
643,洪文六里139号莲翔-902室
644,57富山公寓１４６号５０４室
645,嘉盛豪园21号楼702室
646,85易地办安置房165 号、102 室号、
647,文兴东路46号
648,前埔不夜城文兴东路46号
649,西林东路21-9号102室
650,东坪山社35号201室
651,厦航洪文小区(洪文六 里 )19 号、112 室号、
652,西林东里194-10号
653,洪莲西里49-1号莲丰-302室
654,瑞景新村19号301室
655,红星安华小区9号B122室
656,42金鸡亭花园小区52号106之2室
657,思明前埔一里82号<9918>莲前街道前埔北社区|莲前街道|106室
658,65前埔北区|二里200号303室
659,69金鸡亭花园小区。42号901室
660,前埔北区|二里181号408室
661,文兴东三里23号4o4室
662,前埔二里204号602室
663,7怡富花园一、二期230号1103室
664,万景公寓49号1104室
665,店上东里99号-前埔南社区|304室
666,洪莲北二路1169号见福便利店
667,金鸡亭小区21号楼
668,莲前西路152号203
669,嘉盛豪园E组团54梯1803室
670,48金磊花园20号403室
671,洪莲西里143号洪文社区301室
672,玉成豪园801号 1301室
673,店上东里12号前埔南-305室
674,85侨福城小区。一二三期20号703室
675,前埔北社区  田厝路114
676,蓮豐社区-雲頂中-454
677,洪文社区-洪蓮西裏63
678,瑞景社区 思明 洪文四裏7之1
679,莲順社區、東芳山莊92
680,前埔北社區、莲前東路961
681,龍山橋社區/東浦路533
682,前埔北社区-前埔二裏150
683,萬景社區/呂嶺路1006
684,蓮雲社区、西林東裏161
685,蓮翔社区 思明 洪文六裏153
686,蓮豐社区 思明 雲頂中路656
687,僑福//潘宅路28
688,龍山橋//東浦路505
689,蓮豐//雲頂中路508
690,萬景社区-洪蓮北二-1197之101
691,莲翔社區-莲前東-636
692,僑福社区/前埔西路371
693,蓮薇社区-蓮前東-920之12
694,蓮順//東芳山莊37
695,蓮翔//洪文八裏74
696,莲薇社區-前埔南-82
697,龍山橋社區、東浦路515
698,僑福社区-蓮前東-623
699,金雞亭社区  西林西裏80
700,蓮順//東芳山莊20
701,萬景社区 思明 洪蓮北二路1169之1
702,前埔南社區、文興東二裏47
703,前埔北//前埔中路233
704,蓮怡社区-蓮前西-312
705,瑞景社区 思明 洪文七裏31之15
706,龍山橋社區、東浦路47
707,莲怡、莲前西路336之18
708,蓮薇//前埔五裏143
709,蓮薇社区-前埔五裏182
710,僑福社区/潘宅路80
711,蓮順社區、東芳山莊88
712,僑福社区/前埔西路327
713,蓮豐社区/雲頂中路528
714,蓮薇-蓮前東路736之1
715,萬景//洪蓮北路1001
716,前埔南社区-文興東三裏56
717,蓮豐社区/雲頂中路674
718,蓮順社区 思明 東芳山莊65
719,蓮豐社区、洪蓮中路12
720,僑福社区 思明 蓮前東路583
721,蓮豐//雲頂中路432
722,洪文社区-洪蓮中-51之1
723,前埔北社區-前埔一裏48
724,前埔南社區-文興東二裏51
725,前埔南社區/文興東三裏44
726,前埔南社區-文興東三裏58
727,蓮翔//洪文六裏18
728,蓮翔社区/洪文六裏155
729,前埔北社區、莲前東路977
730,莲順社區-東芳山莊60
731,萬景社區、洪莲路426
732,前埔北社區/前埔一裏97
733,前埔南社区、店上東裏31
734,前埔南//店上東裏31
735,僑福社区/潘宅路38
736,洪文社区、洪蓮西裏91
737,蓮薇社区-前埔南-92
738,洪文社区 思明 呂嶺路1384之5
739,蓮翔社區、洪文八裏72
740,蓮雲//西林東裏212
741,莲怡社區/西林路46之20
742,龍山橋社區-東浦-549
743,洪文//洪莲中路37
744,萬景//洪蓮北路1021
745,洪文社区  洪蓮西裏122
746,僑福社区-前埔西-373
747,蓮豐社区、雲頂中路486
748,萬景社区、呂嶺路1010之1
749,洪文社区  洪蓮北二路1507
750,蓮翔社區-洪文八裏103
751,前埔北社區-莲前東-975
752,萬景//洪莲北二路1149
753,前埔北社區 思明 前埔中路209
754,蓮薇社區-文興西-1507
755,蓮薇//前埔南路94
756,蓮薇社区/蓮前東路904
757,金雞亭社区/西林西裏162
758,萬景社区/洪蓮路388
759,蓮豐//雲頂中路500
760,僑福//潘宅路66
761,前埔南社區-文興東三裏45
762,前埔北//前埔一裏131
763,前埔北//前埔西路460
764,洪文社區-洪莲中-21
765,前埔北社區/前埔中路277
766,蓮薇社区-蓮前東-886之1
767,蓮雲社区 思明 西林東裏228
768,洪文社区 思明 洪蓮西二裏178
769,蓮豐社区/雲頂中路602
770,蓮薇社区、前埔南路80之1
771,前埔南社區-文興東二裏62
772,萬景社區-呂嶺-1074
773,萬景社區、呂嶺路1038
774,金雞亭社区 思明 西林東裏114
775,前埔北社区/田厝路162
776,蓮翔//蓮前東路646
777,僑福社区/潘宅路52
778,瑞景社区-洪文一裏25之16
779,蓮豐社区-雲頂中-648之9
780,莲順社區-莲前西-697
781,莲雲社區/西林東裏223
782,僑福社区-前埔西-379
783,僑福社区-潘宅-40
784,蓮怡社区、西林西二路79
785,萬景社区、洪蓮路386之1
786,蓮順社区-東芳山莊90之1
787,前埔北社区、前埔一裏94之101
788,莲薇社區 思明 莲前東路858
789,前埔北社区 思明 前埔二裏41
790,洪文//洪蓮西裏89
791,蓮豐社区、雲頂中路410
792,僑福-蓮前東路661
793,蓮豐社区/雲頂中路574
794,蓮豐社区/雲頂中路680
795,蓮順社区  蓮前西路731之6
796,洪文//洪蓮北二路1527
797,蓮順社區-東芳山莊98
798,龍山橋社區/莲前西路142
799,莲順社區、東芳山莊79
800,洪文社区-洪蓮西裏113
801,蓮薇//前埔五裏184
802,洪文社区 思明 洪蓮西裏131
803,萬景社区-洪蓮北二-812之1
804,瑞景社区/洪文四裏9之104之101
805,莲豐社區/洪莲裏27
806,莲怡社區-莲前西-318
807,僑福社區、前埔西路291
808,莲豐社區-莲前東-79
809,前埔北社區  田厝路168
810,蓮雲社區-玉亭裏19
811,僑福//潘宅路56
812,蓮順社区-東芳山莊74
813,蓮豐社区-雲頂中-668之101
814,莲豐社區-雲頂中-428
815,萬景社區 思明 呂嶺路1056
816,前埔北社區、前埔中路287
817,洪文社區/洪蓮中路501
818,前埔北//前埔一裏155
819,蓮怡-蓮前西路310
820,前埔北社区/前埔一裏101
821,前埔南社区/文興東三裏57
822,蓮順社区/東芳山莊56
823,前埔北社區/田厝路54
824,前埔南社區-文興東三裏53
825,龍山橋社區/東浦路501
826,前埔北社区-田厝-98
827,僑福//蓮前東路665
828,蓮雲社区-西林東裏229
829,蓮順社区/東芳山莊1
830,蓮順社区-東芳山莊9
831,龍山橋-東浦路128之1
832,莲順社區-東芳山莊7
833,前埔北社區 思明 前埔一裏130
834,前埔北//前埔中路255
835,蓮薇社區 思明 文興西路1513
836,萬景社区-洪蓮北二-820
837,洪文社区/洪文六裏182
838,前埔北社区、蓮前東路889之114
839,前埔北社區-田厝-58
840,蓮薇社區-文興西-1501
841,前埔南社区 思明 店上西裏30
842,洪文社区、洪蓮西裏110
843,前埔北社区-前埔一裏132
844,蓮雲//西林東路13
845,前埔南//文興東三裏3之1
846,莲順社區-金尚-2之1
847,前埔北社区-前埔一裏233
848,洪文社区 思明 洪蓮中路35
849,蓮豐社区 思明 雲頂中路546
850,蓮豐社区/雲頂中路608
851,萬景社区、呂嶺路1082
852,萬景社区-洪蓮北二-836之101
853,蓮翔社區-洪文八裏92
854,僑福社區-莲前東-637
855,萬景社区-洪蓮北-1033
856,洪文//洪蓮西二裏167
857,莲順社區 思明 東芳山莊58
858,莲豐-洪莲裏48
859,洪文//洪文六裏165
860,蓮翔社区 思明 蓮前東路644
861,僑福//莲前東路675
862,瑞景//洪文一裏132
863,蓮豐//雲頂中路672
864,前埔南社區、文興東二裏60
865,前埔北社区  前埔二裏195
866,洪文社区-洪文六裏177
867,前埔北社区/田厝路148
868,萬景社區、呂嶺路1026
869,洪文社区-洪蓮西裏92
870,蓮雲//西林東裏222
871,蓮順社区-蓮前西-759
872,洪文社區 思明 洪蓮中路507
873,洪文社区/洪蓮西裏125
874,僑福社区-蓮前東-605
875,蓮順社区-東芳山莊70
876,前埔北社區/前埔中路243
877,蓮薇社区、前埔五裏134
878,蓮薇社区 思明 前埔南路74
879,蓮順社区-雲頂中-713
880,僑福-蓮前東路669
881,莲翔-洪文六裏115
882,前埔北社區 思明 前埔路18
883,萬景//洪蓮北二路808
884,萬景社区-洪蓮北-1025
885,僑福社区-蓮前東-585
886,莲豐社區、洪莲裏65
887,萬景社區、洪莲路400
888,蓮翔社区 思明 洪文八裏14
889,僑福社区/潘宅路72
890,蓮翔//洪文八裏86
891,西林东路444号201室
892,洪文村洪文八里98号(8921)莲前莲翔社区\\莲前\\C104室
893,洪文五里7号瑞景社区601室
894,店上东里50-2号603室
895,店上东里84号<3979>莲前街道前埔南社区||莲前街道||502室
896,云顶中路-743号莲顺社区501室
897,洪莲西里24号602室
898,93前埔北区二里187號407室
899,83前埔北区|二里185号507室
900,61厦航洪文小区(洪文六里)122号6o2室
901,洪文六里67号莲翔-1101室
902,思明区洪莲里61号703室
903,洪莲西里洪山柄北区76$602室
904,文兴东三里9号前埔南社区406室
905,田厝路-19号前埔北-703室
906,莲前西路禹洲云顶国际728#2601室
907,洪文七里84-1号1001室
908,洪文七里云顶至尊89#1801室
909,洪文八里厦航职工活动中心135#315室
910,东坪山社58号303室
911,莲前西路东方大院615#C112室
912,西林西里金鸡亭花园小区12$C206室
913,西林西里金鸡亭花园小区52#C206室
914,西林西里金鸡亭花园小区48#C213室
915,西林西里易地办安置房164$701室
916,洪莲里联丰商城44$103室
917,洪文七里云顶至尊91$B103室
918,莲前西路一布家园178$C501室
919,洪莲路联丰商城5$201室
920,金尚路东方大院32$702室
921,西林西里金鸡亭花园小区10$607室
922,西林西里73号708室
923,洪文一里瑞景新村55$402室
924,洪文一里瑞景新村96$202室
925,洪文一里瑞景新村126|101室
926,文兴东一里前埔南区文兴东一二里2#304室
927,西林东路永裕侨建闽联云顶岩305$101室
928,古楼北里古楼南里3#301室
929,西林东里香榭园云顶花园158$706室
930,前埔二里前埔北区二里156#305室
931,前埔二里前埔北区二里135#302室
932,54前埔南小区/(店上东西 里 )100号702
933,莲前东路联发紫微花园906$401室
934,莲前西路东芳花园725#901室
935,莲前西路怡富花园一、二期260$102室
936,前埔东一里华林东盛花园8$302室
937,洪莲里福满山庄120$304室
938,前埔二里国贸新城53#304室
939,店上东里店上东西里小区7$503室
940,洪莲路益辉花园30#401室
941,古楼南里49号101室
942,前埔一里前埔北一里210#303室
943,店上东里前埔南小区(店上东西里)80#101室
944,店上东里前埔南小区(店上东西里)18#705室
945,洪莲西里洪山柄北区139#104室
946,洪文七里瑞景公园7#1001室
947,洪莲东二里万景公寓54$903室
948,洪莲西里洪山柄北区109#801室
949,洪文一里瑞景新村89$302室
950,洪莲西里嘉盛豪园37#203室
951,东浦路龙山桥部队小区196#301室
952,店上东里店上东西里小区102$203室
953,侨文里侨福城小区一二三期16#701室
954,前埔一里前埔北一里211#602室
955,古楼南里10号
956,古楼北里古楼南里46$207室
957,洪文一里瑞景新村103$201室
958,东浦路152号203-803室
959,益辉花园5o号5o2室
960,前埔二里前埔北区二里222$906室
961,东浦三里庐山公寓15#202室
962,西林西二里金磊花园29$402室
963,洪文一里瑞景新村93#701室
964,莲前西路广顺花园723$404室
965,西林东里154号605室
966,西林东里香榭园云顶花园154#605室
967,东浦三里红星安华小区7#901室
968,西林路明发商城46$303室
969,洪文一里瑞景新村44$702室
970,洪莲西里嘉盛豪园9$203室
971,洪莲里福满山庄107#1102室
972,福满山庄114-1503
973,洪莲东二里万景公寓38$1003室
974,西林东里香榭园云顶花园197#408室
975,店上西里店上东西里小区23$608室
976,店上西里前埔南小区(店上东西里)23#608室
977,洪文六里厦航洪文小区(洪文六里)70|105室
978,金尚路东方大院4#502-1室
979,莲前东路前埔南区BRT保障房1206$205室
980,前埔六里源泉山庄13$2301室
981,洪莲中路瑞景双座296#604室
982,洪莲中路瑞景双座292$706室
983,前埔五里华林绿景花园199#711室
984,洪文七里瑞景公园28#103室
985,侨文里侨福城小区一二三期25$701室
986,云顶岩路永裕侨建闽联云顶岩53$208室
987,洪莲中路都市新巢小区615#106室
988,洪莲中路55号途锐健康理疗
989,云顶岩路39-2号
990,西林西二里金磊花园6#103室
991,洪莲西里嘉盛豪园1$602室
992,西林西里金鸡亭花园小区85$C501室
993,西林西里金鸡亭花园小区20$C608室
994,西林东里金鸡亭花园小区37#C315室
995,西林西里金鸡亭花园小区24#C709室
996,西林西里金鸡亭花园小区15$C604室
997,莲前西路地质勘察院192#101室
998,洪文三里洪文三里小区8#801室
999,西林西里金鸡亭花园小区34$C109室
1000,东浦路龙山桥部队小区184$C110室
1001,西林西里金鸡亭花园小区27$C123室
1002,潘宅路70-101号
1003,东浦三里民航宿舍综合楼30$404室
1004,云顶岩路永裕侨建闽联云顶岩31#C109室
1005,莲前东路绿洲花园834#C128室
1006,西林西二里金磊花园1#C101室
1007,洪文一里瑞景新村131#C104室
1008,西林东路墩仔家园5#111室
1009,西林西二里金磊花园28$201室
1010,前埔一里143号前埔北社区201室
1011,莲前西路龙山桥莲坂军休所170$C111室
1012,洪莲里联丰商城57$C119室
1013,前埔中路诚毅公寓B区423
1014,西林东里金鸡亭花园小区41$911室
1015,西林东里金鸡亭花园小区2#402室
1016,西林东里金鸡亭花园小区29#704室
1017,莲前西路怡富花园一、二期262#502室
1018,莲前西路龙山桥莲坂军休所156$402室
1019,洪文一里瑞景新村76#302室
1020,洪莲里联丰商城66$503室
1021,洪文一里瑞景新村91$401室
1022,西林西里68号304室
1023,文兴东二里前埔南区文兴东一二里7$404室
1024,侨文里侨福城小区一二三期13#404室
1025,洪文八里厦航洪文小区(洪文六里)90#302室
1026,洪莲西里嘉盛豪园7$601室
1027,店上西里前埔南小区(店上东西里)39$601室
1028,店上东里前埔南小区(店上东西里)52#405室
1029,古楼北里古楼南里63$604室
1030,店上东里前埔南小区(店上东西里)25#301室
1031,前埔二里前埔北区二里159|318室
1032,古楼南里古楼南里30#303室
1033,古楼南里古楼南里1$407室
1034,前埔一里前埔北一里168$101室
1035,前埔一里前埔北一里171#602室
1036,前埔一里前埔北一里169#1006室
1037,莲前东路华林紫微小区808#404室
1038,前埔二里前埔北区二里206$505室
1039,前埔一里42号605室
1040,前埔一里明发建群雅苑小区42$605室
1041,洪莲路益辉花园82#202室
1042,洪文一里62号瑞景-601室
1043,古楼北里古楼南里59#401室
1044,洪文一里瑞景新村83$602室
1045,店上西里店上东西里小区30#107室
1046,店上西里前埔南小区(店上东西里)30#107室
1047,莲前西路怡富花园一、二期250$501室
1048,西林西里易地办安置房167#502室
1049,西林西里金鸡亭花园小区80#617室
1050,西林东里金鸡亭花园小区49#206室
1051,古楼北里古楼南里9$301室
1052,西林东里香榭园云顶花园166#605室
1053,前埔东一里华林东盛花园29#401室
1054,店上东里店上东西里小区36$706室
1055,东浦路同安二建134#807室
1056,国贸新城56号4o6室
1057,店上东里店上东西里小区32#602室
1058,洪文六里厦航洪文小区(洪文六里)14#502室
1059,前埔一里前埔北一里202|302室
1060,田厝路前埔北区二里1#401室
1061,前埔二里华林二期4$601室
1062,古楼北里古楼南里20$506室
1063,西林西里金鸡亭花园小区30$205室
1064,店上东里店上东西里小区70|601室
1065,店上东里前埔南小区(店上东西里)70#601室
1066,莲前西路益友花园130#403室
1067,莲前西路怡富花园一、二期196$602室
1068,前埔二里国贸新城54#201室
1069,店上西里前埔南小区(店上东西里)13#302室
1070,店上西里店上东西里小区13#302室
1071,店上东里前埔南小区(店上东西里)60$204室
1072,店上东里前埔南小区(店上东西里)34#202室
1073,前埔东一里华林东盛花园23#503室
1074,洪文六里云景花园142$602室
1075,西林东里金鸡亭花园小区22#607室
1076,洪莲东二里万景公寓49$501室
1077,洪莲东二里万科·金域蓝湾一期北区4$401室
1078,洪莲东二里万景公寓43|1101室
1079,洪莲东二里上东美地162#101室
1080,洪莲里福满山庄114$1002室
1081,洪莲东二里万景公寓35#101室
1082,洪莲西里嘉盛豪园北区154$603室
1083,前埔二里国贸新城28$503室
1084,东浦路经委宿舍116#501室
1085,莲前西路东方大院619$201室
1086,洪莲东二里万科·金域蓝湾一期北区8#1601室
1087,洪莲西里嘉盛豪园44#602室
1088,前埔二里前埔北区二里171$609室
1089,前埔东一里华林东盛花园26|602室
1090,西林西里金鸡亭花园小区4#403室
1091,61嘉盛豪园19号902
1092,洪文八里厦航洪文小区(洪文六里)46#602室
1093,前埔二里前埔北区二里212$405室
1094,洪莲北路1037号店面
1095,店上东里前埔南小区(店上东西里)50#406室
1096,洪文四里红星瑞景小区3#402室
1097,西林西里金鸡亭花园小区44$501室
1098,洪文八里厦航洪文小区(洪文六里)114#601室
1099,文兴东一里前埔南区文兴东一二里20#105室
1100,侨洪里侨福城小区一二三期11#1301室
1101,西林西里金鸡亭花园小区58#108室
1102,莲前西路云亭花园348#201室
1103,西林东里香榭园云顶花园159|803室
1104,前埔一里前埔北一里238$801室
1105,莲前西路东芳花园737#102室
1106,侨文里侨福城小区一二三期7$301室
1107,莲前东路明发建群雅苑小区705$501室
1108,前埔二里前埔北区二里177#416室
1109,洪文七里瑞景公园5$1403室
1110,前埔二里前埔北区二里209$704室
1111,西林东路永裕侨建闽联云顶岩405$402室
1112,洪莲西里嘉盛豪园北区160$1004室
1113,侨洪里侨福城小区一二三期6#1303室
1114,前埔二里前埔北区二里167#601室
1115,莲前西路明发商城358#201室
1116,洪文一里瑞景新村108$602室
1117,洪文六里潘宅南小区185#201室
1118,洪文六里潘宅南小区188$402室
1119,洪莲西里洪山柄北区150#601室
1120,洪莲西里洪山柄北区142$301室
1121,前埔东一里华林东盛花园15#504室
1122,东浦路华美宿舍楼240#401室
1123,前埔一里前埔北一里215$312室
1124,洪文六里云景花园145$201室
1125,东浦三里红星安华小区6|301室
1126,东浦三里22号龙山桥-601室
1127,洪文六里厦航洪文小区(洪文六里)67$1102室
1128,莲前东路绿洲花园848$204室
1129,洪莲里福满山庄98#1102室
1130,洪莲东二里万景公寓36#401室
1131,侨文里侨福城小区一二三期31#203室
1132,洪莲东二里万景公寓46$101室
1133,前埔东一里华林东盛花园9$1201室
1134,前埔二里前埔北区二里183$304室
1135,东浦三里林海阳光小区27#802室
1136,东浦三里林海阳光小区28$1804室
1137,西林东路墩仔家园3$1505室
1138,东浦三里林海阳光小区26$3104室
1139,洪文五里洪山柄南区91#601室
1140,文兴东三里文兴东三里1#B101室
1141,洪莲里福满山庄112#1702-6室
1142,洪莲西里洪山柄北区152$102-1室
1143,莲前西路-730号莲云社区1602室
1144,莲前西路-736号莲云社区1701室
1145,前埔六里5号莲翔-1902室
1146,洪莲中路-615号洪文-254室
1147,金尚路-46-1#莲顺/420室
1148,洪文石村社北片区490-1号洪文-355室
1149,洪莲路-64号莲丰社区|801室
1150,洪莲路24号619室
1151,西林东里41号金鸡亭-C509室
1152,西林东里22号金鸡亭社区|C408室
1153,西林西里82号金鸡亭-C602室
1154,西林西里12号金鸡亭-C508室
1155,西林西里15号金鸡亭社区C703室
1156,洪文泥窟社东片区9-1号
1157,莲前东路-808号莲薇社区C102室
1158,24华林紫微小区812号C108室
1159,莲前西路-222号莲怡-C101室
1160,前埔五里147号莲薇/201室
1161,洪文三里5号瑞景-C111室
1162,西林东里8号金鸡亭社区502/
1163,洪莲里71号莲丰-504室
1164,洪文一里36号瑞景社区502室
1165,文兴东一里2号前埔南-603室
1166,侨文里29号侨福社区702室
1167,西林东路-405号莲云-202室
1168,店上东里50-3号前埔南社区601室
1169,店上东里70号前埔南社区502室
1170,前埔一里177号前埔北社区|104室
1171,店上东里13号前埔南-103室
1172,古楼北里48号前埔南社区603室
1173,思明前埔五里164号402室
1174,前埔五里164号-莲薇社区402室
1175,侨兴里8号侨福社区402/
1176,洪莲路-30号莲丰-601室
1177,前埔二里58号前埔北社区1807/
1178,店上东里42号前埔南-1501室
1179,洪莲里97号侨福-703室
1180,前埔东一里23#前埔北社区704室
1181,莲前东路-916号莲薇社区404室
1182,侨福里17号侨福社区401室
1183,洪莲里112#侨福社区301室
1184,洪文六里59号莲翔社区802室
1185,莲前东路-756号莲薇-305室
1186,文兴东二里23号304室
1187,文兴东二里12号前埔南社区303室
1188,西林东里57号金鸡亭社区105/
1189,文兴东二里33号前埔南-705室
1190,西林东里157#莲云社区203室
1191,西林西里66号金鸡亭社区407室
1192,店上东里99号前埔南-104室
1193,前埔一里218号前埔北-605室
1194,洪文一里136号瑞景-702室
1195,洪莲西里56号莲顺-1401室
1196,金尚路-34号莲顺社区|402室
1197,西林西里26号金鸡亭社区306室
1198,洪文一里133#瑞景/404室
1199,洪文七里6号瑞景社区601室
1200,前埔二里178号前埔北社区514室
1201,店上东里55号前埔南-602室
1202,洪莲里106号侨福社区1102室
1203,前埔东一里17号202室
1204,莲前东路-409号莲丰-1305室
1205,洪文七里37号瑞景-1002室
1206,洪莲西里43号莲丰社区1101室
1207,洪莲东二里53号万景-501室
1208,洪莲西里36号莲丰社区102室
1209,莲前西路-290号莲怡-803室
1210,洪文四里1号瑞景-2501室
1211,洪文七里28号瑞景-2002室
1212,文兴东二里8号前埔南-203室
1213,莲前西路-685-10号莲顺社区108室
1214,洪文四里3号瑞景-1502室
1215,前埔一里153号前埔北社区|202室
1216,侨洪里4号侨福社区1304|
1217,莲前西路-272号莲怡社区702室
1218,侨洪里2号侨福社区1003室
1219,洪莲西里35号莲丰-1203室
1220,西林西二里35号莲怡社区302室
1221,洪文七里10号1801室
1222,前埔二里53号前埔北社区203室
1223,前埔五里206号莲薇社区705/
1224,西林东里53号金鸡亭-104室
1225,洪文一里134#瑞景/1004室
1226,西林西二里32号莲怡社区703室
1227,洪文一里72号瑞景-501室
1228,侨文里19号侨福社区401室
1229,东浦路-258号龙山桥-102室
1230,洪文三里23号瑞景社区402室
1231,西林西里115号金鸡亭-402室
1232,店上西里17号前埔南-609室
1233,厦航洪文小区/(洪文六 里 )35号702
1234,莲前西路-164号龙山桥社区102室
1235,洪莲东二里159号洪文社区901室
1236,洪文六里32号莲翔-602室
1237,前埔二里166号前埔北-403室
1238,洪文六里199号洪文-902室
1239,洪莲中路-611号洪文社区3103室
1240,洪文五里93号洪文社区903/
1241,洪文五里94号洪文社区1803室
1242,前埔二里168-12号
1243,前埔六里10号莲翔社区1502室
1244,前埔六里7#莲翔社区1001室
1245,前埔六里源泉山庄11#1701室
1246,前埔六里源泉山庄14$1001室
1247,东浦三里庐山公寓23#704室
1248,洪文七里云顶至尊88$602室
1249,西林社西林社129号公寓129$105室
1250,西林社西林社117号公寓117#304室
1251,莲前西路夏商百批宿舍851#C102室
1252,西林东里金鸡亭花园小区25#C301室
1253,西林西里金鸡亭花园小区23$C204室
1254,西林西里金鸡亭花园小区63#C405室
1255,莲前西路龙山桥莲坂军休所144$C102室
1256,东浦路文化站256$C145室
1257,东浦三里红星安华小区9$C119室
1258,云顶中路民盛安置房703$201室
1259,西林东里香榭园云顶花园194|201室
1260,西林社西林社99号公寓99$106室
1261,西林东里金鸡亭花园小区8$501室
1262,前埔一里前埔北一里193|105室
1263,洪文一里瑞景新村30#601室
1264,侨文里侨福城小区一二三期21#302室
1265,古楼北里古楼南里62#405室
1266,莲前东路联发紫微花园898$501室
1267,店上西里前埔南小区(店上东西里)35#404室
1268,古楼南里古楼南里10#501室
1269,莲前东路绿洲花园842$304室
1270,东浦路富山公寓152#803室
1271,前埔五里华林绿景花园158#103室
1272,店上西里店上东西里小区15#602室
1273,前埔东一里华林东盛花园10#702室
1274,洪文五里华瑞花园8$402室
1275,前埔二里前埔北区二里168#515室
1276,洪文一里瑞景新村11$202室
1277,洪莲西二里明发楼180#201室
1278,西林西里金鸡亭花园小区73$407室
1279,洪莲西里嘉盛豪园13$1003室
1280,洪文一里瑞景新村67$301室
1281,前埔一里前埔北一里54$402室
1282,店上东里店上东西里小区22$303室
1283,西林西里金鸡亭花园小区66$308室
1284,西林路明发商城40$504室
1285,莲前西路云亭花园334#301室
1286,前埔二里国贸新城45#305室
1287,文兴东三里文兴东三里12#606室
1288,店上东里店上东西里小区10#401室
1289,前埔二里前埔北区二里133#205室
1290,古楼南里古楼南里2$101室
1291,洪文六里厦航洪文小区(洪文六里)62#601室
1292,前埔一里前埔北一里206#312室
1293,店上东里前埔南小区(店上东西里)103$101室
1294,店上东里店上东西里小区103$101室
1295,店上西里前埔南小区(店上东西里)48$503室
1296,莲前西路广顺花园713$501室
1297,前埔一里前埔北一里75|605室
1298,莲前西路怡富花园一、二期228$503室
1299,西林西里金鸡亭花园小区120#1001室
1300,洪文七里瑞景公园30#702室
1301,文兴东二里前埔南区文兴东一二里16#203室
1302,西林东路永裕侨建闽联云顶岩411|307室
1303,店上东里前埔南小区(店上东西里)49#505室
1304,洪文一里瑞景新村85$402室
1305,洪莲西里嘉盛豪园22$1103室
1306,莲前西路256号卧龙晓城对面
1307,前埔西路华林紫微小区198$601室
1308,洪莲东二里万科·金域蓝湾一期北区31#1201室
1309,洪文六里云景花园197$102室
1310,莲前西路怡富花园一、二期230$1102室
1311,莲前东路华林紫微小区776#303室
1312,洪文七里云顶至尊92#1201室
1313,前埔二里前埔北区二里205$208室
1314,洪文五里文兴社86#501室
1315,莲前东路联丰商城381#506室
1316,瑞景生活广场137号201室
1317,莲前东路华林紫微小区814#301室
1318,洪莲里联丰商城68#101室
1319,西林东里香榭园云顶花园164$307室
1320,洪文五里文兴社81#202室
1321,洪文五里华瑞花园62$205室
1322,洪莲西里洪山柄北区137#501室
1323,东浦路一百宿舍164#301室
1324,洪莲东二里万景公寓53#504室
1325,东浦三里红星安华小区4#501室
1326,洪莲西里嘉盛豪园5#902室
1327,古楼北里古楼南里64|501室
1328,洪文六里云景花园152$502室
1329,西林西二里金沙花园35$1102室
1330,西林西二里金磊花园35$1102室
1331,洪莲里福满山庄115#904室
1332,洪莲西里嘉盛豪园30|301室
1333,莲前西路龙山桥莲坂军休所142#172室
1334,店上东里店上东西里小区93#606室
1335,店上东里店上东西里小区57$104室
1336,洪莲西里嘉盛豪园4#203室
1337,古楼北里古楼南里33#106室
1338,洪莲东二里万科·金域蓝湾一期北区26#502室
1339,西林西二里金磊花园27$802室
1340,洪文六里厦航洪文小区(洪文六里)58$801室
1341,洪文五里洪山柄南区98#1001室
1342,洪文五里洪山柄南区93$904室
1343,洪文五里洪山柄南区95$201室
1344,莲前西路东方大院611$102-3室
1345,西林社25-111号
1346,云顶岩路30号<3151>莲前街道|莲云社区||莲前街道||C115室
1347,洪文八里114号202室
1348,思明前埔一里76号\5367\莲前思明前埔北社区|莲前|503室
1349,莲前西路276号<7577>莲前街道|莲怡社区|莲前街道|602室
1350,莲前西路138号<0503>莲前街道龙山桥社区||莲前街道||702室
1351,前埔二里133号前埔北-406室
1352,前埔五里华林绿景花园174$602室
1353,莲前西路256号(3457)莲前莲怡社区\\莲前\\701室
1354,洪文村洪文四里2号(2868)莲前瑞景社区\\莲前\\2102室
1355,洪文村洪文七里9号<8768>莲前街道瑞景社区||莲前街道||2001室
1356,云顶中路532号
1357,洪文六里136号莲翔社区502|
1358,洪莲西里嘉盛豪园46#303室
1359,洪文五里50号304
1360,洪莲西里148号(8503)莲前洪文村洪文社区|莲前|302室
1361,西林东路水警鼓疗海军工程处145$503室
1362,洪莲西里77号\5048\莲前洪文村洪文社区|莲前|301室
1363,云顶中路民盛商厦729号1504室
1364,店上西里18号108室
1365,洪莲中路都市新巢小区1栋802
1366,前埔六里源泉山庄1#2302室
1367,前埔六里源泉山庄15$1301室
1368,东浦三里庐山公寓25#205室
1369,西林西里云松居145#1005室
1370,莲前西路云亭花园346#201室
1371,西林东里香榭园云顶花园142$C110室
1372,洪莲路益辉花园74#801室
1373,西林西里金鸡亭花园小区67#C806室
1374,西林西里金鸡亭花园小区11#C304室
1375,西林西里金鸡亭花园小区74|C605室
1376,东浦路龙山桥部队小区198#C102室
1377,东浦路龙山桥部队小区188|C108室
1378,前埔五里华林绿景花园198$C106室
1379,莲前东路绿洲花园840#C104室
1380,莲前西路怡富花园一、二期288$C106室
1381,莲前西路怡富花园一、二期272$C127室
1382,田厝路前埔北区二里17$201室
1383,洪文四里17号401室
1384,东浦三里庐山公寓21$901室
1385,东浦路红星公寓144#C148室
1386,莲前西路一布家园174$306室
1387,洪文三里洪文三里小区3#206室
1388,古楼北里古楼南里39$703室
1389,西林东里香榭园云顶花园169#212室
1390,文兴东一里前埔南区文兴东一二里19$708室
1391,厦航洪文小区-洪文六里-27号702室
1392,文兴东二里前埔南区文兴东一二里4|703室
1393,店上东里前埔南小区(店上东西里)62$1001室
1394,前埔二里前埔北区二里216$705室
1395,文兴东三里文兴东三里24$204室
1396,洪莲西里嘉盛豪园北区153$1103室
1397,洪莲里70号706室
1398,洪文一里瑞景新村135#1204室
1399,前埔一里前埔北一里172$204室
1400,西林路明发商城32#204室
1401,61华林东盛花园24号1103室
1402,前埔五里华林一期三期201$202室
1403,云顶中路民盛安置房741#102室
1404,洪文一里54号瑞景-501室
1405,文兴东一里前埔南区文兴东一二里10#206室
1406,前埔二里前埔北区二里158$602室
1407,古楼北里古楼南里21$603室
1408,店上西里店上东西里小区33$102室
1409,东浦路龙山桥部队小区172$604室
1410,店上东里前埔南小区(店上东西里)2$305室
1411,店上东里店上东西里小区2$305室
1412,前埔二里前埔北区二里119$403室
1413,店上东里店上东西里小区42#303室
1414,店上东里前埔南小区(店上东西里)4$407室
1415,洪莲西里嘉盛豪园E组团57#602室
1416,洪莲西里嘉盛豪园北区156#902室
1417,西林路明发商城50#602室
1418,前埔二里前埔北区二里207#603室
1419,田厝路前埔北区二里5#306室
1420,洪文四里红星瑞景小区2$1401室
1421,莲前东路华林紫微小区798|101室
1422,古楼北里古楼南里4$402室
1423,东浦三里红星安华小区12#602室
1424,莲前西路广顺花园709#204室
1425,西林西里金鸡亭花园小区6#207室
1426,店上东里店上东西里小区47$604室
1427,文兴东三里文兴东三里14$702室
1428,莲前西路怡富花园一、二期210#102室
1429,金尚路东方大院10$702室
1430,33金磊花园15号，202室
1431,前埔二里前埔北区二里195#305室
1432,田厝路前埔北区二里23#306室
1433,文兴东二里前埔南区文兴东一二里14$201室
1434,古楼北里古楼南里54#201室
1435,店上西里51号406
1436,店上西里前埔南小区(店上东西里)51#406室
1437,店上西里店上东西里小区51#406室
1438,东芳山庄东芳山庄19$501室
1439,云顶中路民盛安置房745#402室
1440,莲前西路怡富花园一、二期218$201室
1441,西林西里金鸡亭花园小区53#106室
1442,洪莲西里152号102室
1443,前埔东一里华林东盛花园5#1001室
1444,西林东里香榭园云顶花园141$402室
1445,华瑞花园15号201室
1446,洪莲西里洪山柄北区73#401室
1447,东浦三里庐山公寓22$602室
1448,莲前西路怡富花园一、二期294$701室
1449,洪莲西里嘉盛豪园北区157#603室
1450,洪莲里福满山庄119$304室
1451,洪莲西里嘉盛豪园35$1201室
1452,洪莲东二里万科·金域蓝湾一期北区30$2202室
1453,洪文五里洪山柄南区97$901室
1454,莲前东路明发建群雅苑小区709$802-4室
1455,43庐山公寓24号306室
1456,莲前西路-731号莲顺-107室
1457,盘古社区490 号、149 室号、
1458,洪莲西里41号(2785)莲前莲丰社区\\莲前\\1901室
1459,西林西里77号金鸡亭-C515室
1460,金鸡亭花园小区----22号C706室
1461,洪文三里16号瑞景社区|C102室
1462,洪文三里22号瑞景-C105室
1463,林海阳光小区。27号J101室
1464,44金鸡亭花园小区24号C2o7室
1465,洪文村洪文七里25号(7935)莲前瑞景社区\莲前\105室
1466,51龙山桥部队小区&172号C110室
1467,东浦路170-1号<618>莲前街道龙山桥社区|莲前街道|C103室
1468,48民航宿舍综合楼30号402室
1469,前埔一里94号前埔北/201室
1470,洪文村洪文四里12号<8469>莲前街道瑞景社区|莲前街道|401室
1471,洪文村洪文四里13号(4067)莲前瑞景社区\莲前\502室
1472,西林社135号206室
1473,云顶岩路-35号莲云社区105/
1474,东浦路162号303室
1475,龙山桥莲坂军休所162 号、303 室号、
1476,金鸡亭西林西里38号204室
1477,洪文村洪文一里76号\9097\莲前瑞景社区|莲前|101室
1478,西林村西林西里81号(136)莲前街道金鸡亭社区||莲前街道||607室
1479,洪文一里瑞景新村40#502室
1480,西林西里67号金鸡亭社区|705室
1481,古楼北里55号前埔南/201室
1482,洪文六里29号302室
1483,58厦航洪文小区(洪文六里)29號302室
1484,文兴东一里18号<0893>莲前街道前埔南社区|莲前街道|703室
1485,店上东里46号<816>莲前街道前埔南社区|莲前街道|706室
1486,思明前埔二里40号<2533>莲前街道前埔北社区|莲前街道|202室
1487,洪莲路36号(124)莲前莲丰社区\\莲前\\201室
1488,洪文六里厦航小区5号楼602室
1489,莲前东路896号(1474)莲前莲薇社区\\莲前\\810室
1490,61瑞景生活广场114号301
1491,西林东里51号202室
1492,莲前东路-892号莲薇-806室
1493,思明前埔五里211号(1958)莲前莲薇社区\\莲前\\902室
1494,文兴东二里7号(5748)莲前思明前埔南社区\\莲前\\303室
1495,33前埔南小区(店上东西 里 )43 号、602 室号、
1496,西林路-34号莲怡社区|502室
1497,西林西里49号金鸡亭社区201室
1498,洪莲里114号(4286)莲前侨福社区\\莲前\\103室
1499,西林村西林东里1号(5521)莲前金鸡亭社区\\莲前\\208室
1500,莲前东路920号(3942)莲前莲薇社区\莲前\209室
1501,东浦路236号(6926)莲前龙山桥社区\\莲前\\101室
1502,前埔南小区店上东里95号405
1503,莲前西路348-4号\3506\莲前莲怡社区|莲前|102室
1504,西林东里119号金鸡亭社区|206室
1505,洪莲路13号(8862)莲前莲丰社区\\莲前\\902室
1506,洪文六里30号莲翔社区601室
1507,文兴东二里13号704室
1508,文兴东三里15号前埔南-305室
1509,文兴东一里19号(8192)莲前思明前埔南社区\\莲前\\202室
1510,东浦路华美宿舍楼238$202室
1511,瑞景新村15 号、702 室号、
1512,圣华佗中医理疗（85号合并）
1513,洪莲里104号侨福社区|602室
1514,文兴东三里29号前埔南-303室
1515,莲前西路玉成豪园799$1001室
1516,洪莲东二里48号万景社区703室
1517,思明前埔二里213号<7373>莲前街道前埔北社区||莲前街道||1104室
1518,洪莲里71号<4512>莲前街道|莲丰社区|莲前街道|404室
1519,怡富花园一、二期258号103室
1520,洪莲里64号莲丰社区|402室
1521,店上东里35号前埔南-202室
1522,88庐山公寓14号702
1523,洪莲东二里3号万景-1801室
1524,洪莲路94号(4272)莲前莲丰社区\\莲前\\201室
1525,莲前东路409号<9879>莲前街道|莲丰社区|莲前街道|1904室
1526,侨兴里7号202室
1527,洪文村洪文六里42号(5835)莲前莲翔社区\莲前\701室
1528,林海阳光小區26號3201室
1529,东芳山庄16号莲顺-202室
1530,洪文五里85号洪文-107室
1531,西林东路-143号莲云社区C118室
1532,西林东里24号金鸡亭社区|C407室
1533,西林西里45号金鸡亭社区C201/
1534,西林西里17号金鸡亭社区|C605室
1535,西林西里65号金鸡亭-C402室
1536,西林西里72号金鸡亭社区C304/
1537,东浦路-244号龙山桥社区C143室
1538,西林社28-102号
1539,东浦三里17-2号龙山桥社区104/
1540,文兴东二里16号前埔南-101室
1541,前埔一里203-2号前埔北社区|201室
1542,洪文二里101号瑞景社区602|
1543,前埔一里114号前埔北社区306|
1544,店上东里21号前埔南-205室
1545,前埔二里150号前埔北社区602室
1546,前埔一里58号前埔北社区401室
1547,洪文五里50号瑞景-702室
1548,洪文二里104#瑞景/202室
1549,前埔一里234号前埔北-303室
1550,店上东里61号前埔南社区702室
1551,九天湖五里16号701室
1552,洪莲里66号莲丰-204室
1553,莲前西路739号<7727>莲前街道|莲顺社区|莲前街道|302室
1554,古楼北里29号-前埔南社区402室
1555,前埔五里212号莲薇社区1001室
1556,西林西里31号金鸡亭社区503室
1557,西林西里111号金鸡亭-802室
1558,前埔一里47号902室
1559,前埔一里47号前埔北社区902室
1560,前埔一里51号前埔北社区207室
1561,店上东里75号前埔南社区504室
1562,西林东里13号金鸡亭-201室
1563,文兴东二里29号前埔南-401室
1564,店上东里3号303室
1565,文兴东二里前埔南区文兴东一二里36#205室
1566,店上东里58号前埔南社区|508室
1567,店上东里58号前埔南-508室
1568,文兴东一里20号前埔南-203室
1569,西林西二里34号莲怡-201室
1570,洪莲东二里25号-万景社区403室
1571,洪莲东二里49号万景-502室
1572,洪文五里77号洪文社区501|
1573,洪莲东二里35号万景-801室
1574,洪莲西里139号洪文-505室
1575,洪莲路-1号莲丰社区1403室
1576,洪莲西里158号洪文社区301室
1577,思明前埔一里108号<7387>莲前街道前埔北社区|莲前街道|607室
1578,洪文七里25号瑞景-501室
1579,洪莲里92号侨福社区|902室
1580,洪莲中路198号
1581,西林西里73#金鸡亭社区208室
1582,洪莲西里37号莲丰-301室
1583,洪莲里115号侨福-1702室
1584,莲前西路-200号莲怡社区101室
1585,洪文八里121号301室
1586,西林东里199号莲云-704室
1587,洪莲西里70号洪文-302室
1588,洪莲西里77号洪文-201室
1589,洪莲西里57号莲顺社区203室
1590,洪莲里小区16号704
1591,洪莲东二里36号万景-703室
1592,东芳山庄102号莲顺-201室
1593,前埔一里53号前埔北-204室
1594,49民盛安置房729号304
1595,洪莲西里45号莲丰-101室
1596,古楼北里古楼南里71$701室
1597,洪莲西里82号洪文社区303室
1598,西林东路-1号莲云-2504室
1599,西林东路-3#莲云社区1601室
1600,洪文五里90#洪文社区1101室
1601,洪莲里93号侨福-1201-2室
1602,洪莲西里155号洪文社区1201-3室
1603,洪文六里3号莲翔社区|714室
1604,前埔五里199-2号-莲薇社区|906室
1605,西林社57号310室
1606,西林社115号西林社区104室
1607,洪莲东二里1号万景-2407室
1608,洪莲西里28号莲丰社区1201室
1609,西林西里78号金鸡亭-C408室
1610,西林东里27号金鸡亭社区C301室
1611,云顶中路-458-5号莲丰社区201室
1612,莲前东路-790号莲薇社区304-2室
1613,吕岭路-992-2号万景-B208室
1614,洪莲西里21号<6034>莲前街道|莲丰社区||莲前街道||1201室
1615,西林东里11号602室
1616,32怡富花园一、二期284号501室
1617,侨文里12号侨福社区402室
1618,文兴东二里7号楼26号405
1619,古楼北里18号前埔南社区803/
1620,店上西里53号<5003>莲前街道前埔南社区||莲前街道||301室
1621,思明前埔一里155号(6672)莲前思明前埔北社区\\莲前\\606室
1622,文兴东一里18号前埔南-604室
1623,前埔二里177号-前埔北社区415室
1624,店上东里84号<3979>莲前街道前埔南社区|莲前街道|401室
1625,前埔五里159#莲薇社区402室
1626,西林村西林西里20号<8635>莲前街道金鸡亭社区|莲前街道|205室
1627,店上东里59号前埔南社区506室
1628,莲前西路-328号莲怡社区703室
1629,思明前埔五里207号<3945>莲前街道|莲薇社区|莲前街道|303室
1630,洪文一里112号瑞景社区|602室
1631,洪莲西里135号洪文社区502室
1632,思明前埔一里71号<3613>莲前街道前埔北社区|莲前街道|607室
1633,东浦路-116号龙山桥社区504|
1634,前埔二里203号前埔北社区203室
1635,前埔一里164#前埔北社区202室
1636,文兴东三里12-1号508室
1637,前埔二里210号前埔北社区310|
1638,莲前西路-156#龙山桥社区502室
1639,洪莲西里53#莲顺社区402室
1640,前埔二里3号前埔北社区601室
1641,洪莲路-3#莲丰社区803室
1642,洪莲路-9号-莲丰社区|1202室
1643,莲前西路-256号莲怡社区702室
1644,文兴东二里15号前埔南社区107室
1645,洪莲东二里27#万景社区2101室
1646,洪莲西里55号莲顺-1121室
1647,店上东里50-3号前埔南社区301|
1648,店上西里10号前埔南-405室
1649,前埔二里217号前埔北-204室
1650,洪文七里92-1号莲翔社区1802|
1651,思明前埔二里49号<3631>莲前街道前埔北社区|莲前街道|203室
1652,田厝路7号\4858\莲前思明前埔北社区|莲前|404室
1653,洪文五里86号洪文社区701|
1654,洪文七里91-1号莲翔-901室
1655,洪文六里187号洪文社区401|
1656,洪文石村社南片区57号
1657,东浦路-238号龙山桥社区501室
1658,金尚路-6号莲顺社区301/
1659,洪文村洪文一里62号<554>莲前街道瑞景社区||莲前街道||401室
1660,洪莲中路-613号洪文社区|2802室
1661,店上东里89-1号<4402>莲前街道前埔南社区|莲前街道|702-1室
1662,东浦路-134号龙山桥社区107-4|
1663,莲前东路1206号1103室
1664,思明前埔六里1号<6643>莲前街道|莲翔社区|莲前街道|1801室
1665,西林西二里金磊花园3$112室
1666,西林东路墩仔家园9$111室
1667,云顶岩路永裕侨建闽联云顶岩65#103室
1668,云顶中路嘉盛豪园458#206室
1669,西林西里金鸡亭花园小区82$C805室
1670,莲前西路龙山桥莲坂军休所158#C120室
1671,洪文六里厦航洪文小区(洪文六里)66#B103室
1672,洪文四里红星瑞景小区16$1601室
1673,潘宅侨洪里22-2号
1674,洪文四里红星瑞景小区7#202室
1675,洪文一里瑞景新村104$403室
1676,洪文二里100号302室
1677,侨文里侨福城小区一二三期29#701室
1678,洪莲路益辉花园48$101室
1679,侨文里31号604室
1680,店上东里店上东西里小区94$403室
1681,西林西二里金磊花园16#301室
1682,前埔一里前埔北一里182#401室
1683,店上西里店上东西里小区53|601室
1684,店上西里前埔南小区(店上东西里)53$601室
1685,前埔五里华林一期三期205#302室
1686,侨文里侨福城小区一二三期24$201室
1687,前埔二里前埔北区二里184|302室
1688,前埔一里前埔北一里235$601室
1689,洪莲西里洪山柄北区112$201室
1690,店上东里前埔南小区(店上东西里)46#505室
1691,店上东里店上东西里小区46$505室
1692,洪莲里新潘宅小区90$401室
1693,前埔一里前埔北一里233#201室
1694,西林西里金鸡亭花园小区98$602室
1695,洪文八里厦航洪文小区(洪文六里)101$602室
1696,前埔东一里华林东盛花园4$1201室
1697,洪莲西里嘉盛豪园北区158|1502室
1698,洪文七里瑞景公园11$1702室
1699,东浦三里红星安华小区2$201室
1700,洪文六里厦航洪文小区(洪文六里)32#202室
1701,洪莲西里31号
1702,莲前西路云亭花园352#201室
1703,洪文一里瑞景新村50$501室
1704,前埔二里前埔北区二里220#301室
1705,东芳山庄东芳山庄18#603室
1706,前埔西路184号
1707,前埔二里前埔北区二里157#204室
1708,莲前西路怡富花园一、二期202#501室
1709,前埔一里前埔北一里191#409室
1710,前埔一里前埔北一里154#107室
1711,莲前西路广顺花园701$502室
1712,东浦路龙山桥部队小区180$506室
1713,洪文七里瑞景公园2$1302室
1714,金尚路东方大院8$505室
1715,洪莲路益辉花园42#601室
1716,云顶岩路37号302室
1717,洪文二里瑞景生活广场113$402室
1718,莲前西路益友花园94$506室
1719,前埔二里前埔北区二里181|508室
1720,莲前东路华林紫微小区788$106室
1721,洪文六里云景花园136#302室
1722,前埔东一里华林东盛花园24$1101室
1723,西林西二里29号201室
1724,洪莲西里嘉盛豪园38#101室
1725,文兴东一里27号506室
1726,前埔二里前埔北区二里175|501室
1727,前埔东一里华林东盛花园16$603室
1728,莲前东路前埔南区BRT保障房1208#1302室
1729,莲前西路732号(522)莲前莲云社区|莲前|1904室
1730,洪莲中路292号<6414>莲前街道|莲丰社区||莲前街道||506室
1731,西林村西林西里145号<831>莲前街道金鸡亭社区||莲前街道||801室
1732,西林社97-1号202室
1733,东山社1-2号201室
1734,洪文村洪文石村社北片区490-2号(1925)莲前洪文村洪文社区\莲前\240室
1735,西林村西林西里46号<8792>莲前街道金鸡亭社区||莲前街道||C406室
1736,西林村西林东里29号(186)莲前金鸡亭社区\\莲前\\C704室
1737,西林村西林西里22-1号<5395>莲前街道金鸡亭社区||莲前街道||C204室
1738,莲前东路-922号莲薇社区C101室
1739,洪文村洪文六里181号(5297)莲前洪文村洪文社区|莲前|101室
1740,洪莲里62号(9769)莲前莲丰社区|莲前|C115室
1741,东浦路142号(3788)莲前街道龙山桥社区||莲前街道||305室
1742,西林村西林西二里13号<6273>莲前街道|莲怡社区|莲前街道|102室
1743,侨兴里11号402室
1744,古楼南里28号(5549)莲前思明前埔南社区\\莲前\\101室
1745,绿洲花园838号 402室
1746,莲前东路836号(6328)莲前莲薇社区\\莲前\\703室
1747,店上东里50-2号\9868\莲前思明前埔南社区|莲前|203室
1748,侨文里15号(3049)莲前侨福社区|莲前|702室
1749,莲前东路796号(5127)莲前莲薇社区\莲前\403室
1750,侨龙里16号(7914)莲前街道侨福社区||莲前街道||703室
1751,洪莲西里55号<5995>莲前街道|莲顺社区||莲前街道||1403室
1752,洪莲里19号<9425>莲前街道|莲丰社区||莲前街道||602室
1753,洪文村洪文一里105号\5621\莲前瑞景社区|莲前|602室
1754,洪莲西二里168号<7712>莲前街道洪文村洪文社区||莲前街道||303室
1755,洪文村洪文七里3号\3239\莲前瑞景社区|莲前|1301室
1756,洪文村洪文七里10号<4775>莲前街道瑞景社区||莲前街道||602室
1757,莲前西路352-1号<9524>莲前街道|莲怡社区||莲前街道||501室
1758,店上东里96号前埔南-605室
1759,西林西二里2号莲怡/404室
1760,洪莲西里45号(2067)莲前莲丰社区\莲前\403室
1761,文兴东一里17号(8772)莲前思明前埔南社区\\莲前\\604室
1762,洪莲东二里31号万景社区2803|
1763,思明前埔一里46号(9319)莲前思明前埔北社区\\莲前\\1005室
1764,洪莲里116号<7912>莲前街道侨福社区||莲前街道||802室
1765,东浦路140号(2313)莲前龙山桥社区\莲前\507室
1766,潘宅南小区186号602室
1767,54前埔南区文兴东一二 里 9 号、608 室号、
1768,87富山公寓152号403室
1769,云顶岩路35号(1207)莲前莲云社区\\莲前\\603室
1770,东芳山庄102号，301室
1771,莲前西路102号(1617)莲前龙山桥社区\\莲前\\501室
1772,前埔南小区48栋104
1773,洪莲东二里33号(7151)莲前万景社区\莲前\1001室
1774,店上东里32号<8029>莲前街道前埔南社区||莲前街道||301室
1775,西林村西林东路1号(9896)莲前莲云社区\莲前\2604室
1776,文兴东三里1号<7496>莲前街道前埔南社区||莲前街道||A187室
1777,洪莲东二里上东美地160$401-1室
1778,思明前埔六里5号\4145\莲前莲翔社区|莲前|2002室
1779,洪莲西二路松宿公寓1462号 /
1780,洪莲中学对面松宿公寓A梯01
1781,西林社117号西林社区405室
1782,西林西里金鸡亭花园小区68$C304室
1783,宝龙一城西塔1505
1784,前埔东一里7号501室
1785,前埔一里-45号-前埔北社区903室
1786,金磊花园25号2o2室
1787,洪文三里21号402室
1788,莲前东路福满山庄119号之一店面
1789,香榭圆云顶花圆199號605室
1790,思明前埔二里182号<6748>莲前街道前埔北社区||莲前街道||505室
1791,洪文一里96号601室
1792,洪文一里96号瑞景-601室
1793,文兴东二里37号204室
1794,洪文村洪文五里16号(1962)莲前街道瑞景社区||莲前街道||102室
1795,瑞景公园一期3号1603
1796,洪莲路72号<6874>莲前街道|莲丰社区||莲前街道||401室
1797,侨龙里18号102
1798,思明前埔六里9号<5368>莲前街道|莲翔社区|莲前街道|402室
1799,洪莲西里嘉盛豪园49$504室
1800,洪莲中路296号(168)莲前莲丰社区\\莲前\\204室
1801,西林东路水警鼓疗海军工程处171#C127室
1802,西林村西林东里37号(7144)莲前街道金鸡亭社区||莲前街道||C716室
1803,西林村西林西里63号<2043>莲前街道金鸡亭社区||莲前街道||C605室
1804,20明发建群雅苑小区464号1o1之2室
1805,东浦三里30号(377)莲前龙山桥社区\\莲前\\402室
1806,莲前东路-884号莲薇社区201室
1807,洪文村洪文四里14号(7026)莲前瑞景社区\\莲前\\902室
1808,东浦路144号(1274)莲前街道龙山桥社区||莲前街道||C142室
1809,侨文里12号(2343)莲前侨福社区\\莲前\\701室
1810,店上东里11号<0432>莲前街道前埔南社区||莲前街道||701室
1811,思明前埔二里169号(7238)莲前街道前埔北社区\\莲前街道\\314室
1812,店上西里21号(3091)莲前思明前埔南社区\\莲前\\602室
1813,店上西里21号<3091>莲前街道前埔南社区||莲前街道||602室
1814,西林村西林东里206号(4644)莲前莲云社区\\莲前\\302室
1815,西林村西林西里23号(086)莲前金鸡亭社区|莲前|402室
1816,思明前埔二里211号(4387)莲前街道前埔北社区\\莲前街道\\508室
1817,侨福里10号<8133>莲前街道侨福社区|莲前街道|303室
1818,洪文村洪文六里137号(794)莲前莲翔社区|莲前|201室
1819,洪文村洪文一里119号(5507)莲前瑞景社区\\莲前\\402室
1820,洪莲中二路8号华庭商务酒店大堂
1821,店上东里90号\4957\莲前思明前埔南社区|莲前|205室
1822,西林村西林西二里36号(188)莲前莲怡社区\\莲前\\503室
1823,西林村西林西里51号<5791>莲前街道金鸡亭社区|莲前街道|107室
1824,西林村西林西里26号<2831>莲前街道金鸡亭社区||莲前街道||305室
1825,莲前东路826号\5933\莲前莲薇社区|莲前|103室
1826,思明前埔二里143号<2822>莲前街道前埔北社区|莲前街道|405室
1827,洪莲西里19号<0891>莲前街道|莲丰社区|莲前街道|601室
1828,思明前埔一里144号\8498\莲前思明前埔北社区|莲前|314室
1829,西林西里83号914室
1830,洪文村洪文七里38号(9886)莲前街道瑞景社区\\莲前街道\\301室
1831,文兴东二里4号<9988>莲前街道前埔南社区|莲前街道|304室
1832,莲前西路340-1号\6633\莲前莲怡社区|莲前|103室
1833,洪文村洪文四里5号(1798)莲前瑞景社区\\莲前\\2201室
1834,洪文村洪文八里136号(8208)莲前莲翔社区|莲前|129室
1835,侨洪里9号<6591>莲前街道侨福社区|莲前街道|1204室
1836,思明前埔五里178号<0361>莲前街道|莲薇社区||莲前街道||201室
1837,洪文村洪文五里61号(8711)莲前瑞景社区|莲前|217室
1838,68国贸新城29号，505室
1839,洪莲西里70号(074)莲前街道洪文村洪文社区||莲前街道||602室
1840,洪文六里118号
1841,东浦三里17号(2089)莲前龙山桥社区\\莲前\\202室
1842,思明前埔二里164号(393)莲前思明前埔北社区\\莲前\\407室
1843,思明前埔一里217号(1687)莲前街道前埔北社区\\莲前街道\\508室
1844,店上东里92号<6128>莲前街道前埔南社区||莲前街道||402室
1845,古楼北里35号602室
1846,洪莲西里19号402室
1847,古楼北里9号<7387>莲前街道前埔南社区|莲前街道|302室
1848,西林村西林东里61号(8957)莲前金鸡亭社区\\莲前\\103室
1849,洪莲中路611号<7862>莲前街道洪文村洪文社区||莲前街道||902室
1850,东浦三里26号<4297>莲前街道龙山桥社区||莲前街道||3305室
1851,洪文村洪文七里88-1号(3175)莲前莲翔社区\\莲前\\201-5室
1852,洪文村洪文五里87号(4764)莲前洪文村洪文社区|莲前|403-1室
1853,联丰商城62 号、804 室号、
1854,洪莲中路629号洪文三期
1855,洪莲中路629号
1856,54龙虎山庄122号503室
1857,莲前西路170号(7829)莲前龙山桥社区|莲前|C106室
1858,72文兴东三里7号102室
1859,24厦航洪文小区、(洪文六里)11号501室
1860,思明区前埔北区一里201号504
1861,洪文村洪文六里134号<4993>莲前街道|莲翔社区||莲前街道||402室
1862,古楼南里16号702室
1863,金鸡亭花圆小区41號409室
1864,洪莲里87号603室
1865,文化站254号 502室
1866,56前埔北区|二里224号，102室
1867,潮汕牛肉火锅店（同洪莲路17-124号）
1868,前埔南区文兴东一二里36号106室
1869,68金鸡亭花园小区70号207室
1870,53华林绿景花圆180號902室
1871,云顶至尊92号2002室
1872,国贸新城58号1204室
1873,44香榭园云顶花园163号203
1874,前埔南小区(店上东西里)2号-108室
1875,20前埔南小区(店上东西里)32号103室
1876,益辉花圆70號102室
1877,洪莲西路37号A11
1878,洪莲西路37号
1879,前埔六里16号莲翔-902室
1880,莲前西路-728号莲云-803室
1881,西林西二里金磊花园4$C105室
1882,洪莲西里39号莲丰社区1901|
1883,东浦路红星安华小区587#102室
1884,东浦路-521号龙山桥社区201室
1885,莲前东路-806号莲薇社区201室
1886,古楼北里23号前埔南社区|307室
1887,洪莲路益辉花园86$601室
1888,前埔五里176号莲薇社区601室
1889,前埔一里前埔北一里192#407室
1890,西林路-48号莲怡-401室
1891,洪莲东二里29号-万景社区|1303室
1892,东浦路186号(6145)莲前龙山桥社区|莲前|501室
1893,前埔二里前埔北区二里154|110室
1894,洪文一里59号瑞景-601室
1895,洪文四里6号瑞景社区2501|
1896,洪文一里瑞景新村14$201室
1897,66文兴社84號503室
1898,莲前西路益友花园116#106室
1899,洪文一里135号瑞景-701室
1900,田厝路21号(1344)莲前思明前埔北社区|莲前|202室
1901,思明前埔二里181号<068>莲前街道前埔北社区||莲前街道||507室
1902,洪莲西里141号洪文-102室
1903,洪文一里67号瑞景-101室
1904,59民盛安置房719号4o2室
1905,前埔五里210号莲薇社区1103室
1906,新潘宅小区78 号、502 室号、
1907,店上西里前埔南小区(店上东西里)40#506室
1908,洪莲北路1011号店面，万科金域蓝湾
1909,洪莲西里140号洪文社区304室
1910,洪文八里135号莲翔社区|808室
1911,西林社27-103号
1912,洪文一里131号瑞景社区304室
1913,东浦路258-5号<8521>莲前街道龙山桥社区|莲前街道|101室
1914,莲前西路278号\6074\莲前莲怡社区|莲前|701室
1915,莲前西路-274号莲怡社区502室
1916,洪文一里91号瑞景社区201室
1917,古楼北里58号(4557)莲前思明前埔南社区|莲前|304室
1918,西林东里169号莲云社区|512室
1919,店上西里42号前埔南社区|301室
1920,侨兴里1号侨福社区701/
1921,田厝路-1号前埔北社区510室
1922,前埔二里212号前埔北社区606室
1923,洪莲里99号侨福社区404室
1924,古楼北里51号\502\莲前思明前埔南社区|莲前|308室
1925,云顶中路-723#莲顺社区301室
1926,洪文六里1号莲翔-303室
1927,店上东里34号前埔南社区203|
1928,西林东路-135号莲云社区|602室
1929,洪莲路-5号莲丰-1301室
1930,洪莲东二里158号洪文-503室
1931,前埔二里57号前埔北社区|207室
1932,店上东里66号前埔南社区206|
1933,店上东里23#前埔南社区101室
1934,洪文三里10号瑞景社区301|
1935,洪文泥窟社北片区25号洪文泥窟社北片区25号
1936,前埔二里154号前埔北社区|509室
1937,店上东里98号前埔南社区202室
1938,东浦三里12号-龙山桥社区|1002室
1939,思明区洪莲西二路1456号松宿公寓105室
1940,店上东里34号前埔南社区703室
1941,东山社348号101室
1942,西林社85号304室
1943,前埔西路-19号侨福-201室
1944,洪文一里104号瑞景社区|404室
1945,店上东里66号<0533>莲前街道前埔南社区|莲前街道|106室
1946,思明前埔五里173号(7835)莲前莲薇社区\\莲前\\601室
1947,洪文五里华瑞花园16号501室
1948,洪文五里16号瑞景社区501室
1949,西林村西林东路407号(2874)莲前街道\莲云社区\\莲前街道\\301室
1950,洪文六里140号莲翔社区602室
1951,古楼南里72号208室
1952,店上东里79号(1142)莲前思明前埔南社区\\莲前\\404室
1953,52瑞景公园36号502室
1954,西林西里金鸡亭花园小区92$402室
1955,洪文七里11号瑞景社区1802室
1956,洪莲里福满山庄102$501室
1957,西林东路303号501室
1958,金鸡亭花园小区/127号1
1959,莲前西路-236号莲怡社区201/
1960,洪文一里106号瑞景社区|502室
1961,73前埔北/一里218号405室
1962,洪文六里厦航洪文小区(洪文六里)7#101室
1963,洪文六里181号洪文-201室
1964,店上东里89-1号前埔南社区701-1室
1965,洪文村洪文六里60号<585>莲前街道|莲翔社区||莲前街道||1702室
1966,古楼南里12号703室
1967,西林西里71号C104室
1968,潘宅路-144号侨福-201室
1969,西林东里10号之一602室
1970,洪文村洪文一里30号<7459>莲前街道瑞景社区|莲前街道|401室
1971,洪文村洪文五里17号\1481\莲前瑞景社区|莲前|302室
1972,店上东里74号<4706>莲前街道前埔南社区||莲前街道||606室
1973,店上东里38号(624)莲前思明前埔南社区|莲前|502室
1974,前埔一里前埔北一里219$504室
1975,洪文六里35号莲翔社区102|
1976,西林村西林西二里16号(1366)莲前街道|莲怡社区||莲前街道||302室
1977,侨福里4号(6949)莲前侨福社区\\莲前\\101室
1978,莲前西路-298号莲怡-301室
1979,店上东里86号\4515\莲前思明前埔南社区|莲前|505室
1980,店上东里86号(4515)莲前街道前埔南社区||莲前街道||505室
1981,莲前东路-794号莲薇-106室
1982,前埔五里200#莲薇社区1001室
1983,莲前西路-697号莲顺-101室
1984,店上东里23号\212\莲前思明前埔南社区|莲前|602室
1985,41东方大院619号602室
1986,洪文村洪文八里43号(3351)莲前莲翔社区\\莲前\\701室
1987,思明前埔一里191号\7447\莲前思明前埔北社区|莲前|509室
1988,莲前西路怡富花园一、二期234$602室
1989,洪文石村社南片区28号洪文石村社南片区28号
1990,莲前西路东芳花园741$102室
1991,店上东里88号<3823>莲前街道前埔南社区||莲前街道||102室
1992,洪文一里瑞景新村127$402室
1993,店上东里90号306室
1994,西林社127号602室
1995,莲前西路713号<9739>莲前街道|莲顺社区||莲前街道||B120室
1996,西林村西林西里32号(2372)莲前金鸡亭社区|莲前|C701室
1997,莲前东路846号(1254)莲前莲薇社区\\莲前\\C126室
1998,洪文四里红星瑞景小区18$202室
1999,西林村西林西二里19号<6101>莲前街道|莲怡社区|莲前街道|101室
2000,西林村西林西里54号<0316>莲前街道金鸡亭社区|莲前街道|502室
