序号,非标地址,对应标准地址
1,68庐山公寓25号704室,福建省厦门市思明区东浦三里25号704室
2,63厦航洪文小区/(洪文六 里 )3号1003,福建省厦门市思明区洪文六里3号1003室
3,72水警鼓疗海军工程处139 号、603 室号、,福建省厦门市思明区西林东路139号603室
4,都市新巢小区615-114-1号店面,福建省厦门市思明区洪莲中路615-114-1号
5,59怡富花园一、二期216号C104室,福建省厦门市思明区莲前西路216号C104室
6,思明前埔二里216号<8075>莲前街道前埔北社区|莲前街道|1005室,福建省厦门市思明区前埔二里216号1005室
7,思明前埔五里161号<2807>莲前街道|莲薇社区|莲前街道|201室,福建省厦门市思明区前埔五里161号201室
8,20金鸡亭花园小区/37号614,福建省厦门市思明区西林东里37号614室
9,莲前东路-818号莲薇-204室,福建省厦门市思明区莲前东路818号204室
10,54前埔南小区(店上东西里)36号 105室,福建省厦门市思明区店上东里36号105室
11,店上东里前埔南小区(店上东西里)29$702室,福建省厦门市思明区店上东里29号702室
12,古楼北里72号(753)莲前思明前埔南社区\\莲前\\607室,福建省厦门市思明区古楼北里72号607室
13,前埔北一 里 110号603,福建省厦门市思明区前埔一里110号603室
14,50云亭花园348号601,福建省厦门市思明区莲前西路348-1号601室
15,店上东里前埔南小区(店上东西里)79$703室,福建省厦门市思明区店上东里79号703室
16,洪文村洪文五里2号\4909\莲前瑞景社区|莲前|301室,福建省厦门市思明区洪文五里2号301室
17,64金鸡亭花园小区28号404室,福建省厦门市思明区西林西里28号404室
18,69金鸡亭花园小区----3号104室,福建省厦门市思明区西林西里3号104室
19,文兴东三里21号503室,福建省厦门市思明区文兴东三里21号503室
20,店上东里74号前埔南-106室,福建省厦门市思明区店上东里74号106室
21,莲前西路怡富花园一、二期240$502室,福建省厦门市思明区莲前西路240号502室
22,文兴东二里34号<2204>莲前街道前埔南社区|莲前街道|103室,福建省厦门市思明区文兴东二里34号103室
23,3龙山桥部队小区、196号203室,福建省厦门市思明区东浦路196号203室
24,莲前西路727号(6477)莲前莲顺社区|莲前|1102室,福建省厦门市思明区莲前西路727号1102室
25,54永裕侨建闽联云顶岩299号102室,福建省厦门市思明区西林东路299号102室
26,前埔北区二 里 178 号、413 室号、,福建省厦门市思明区前埔二里178号413室
27,西林西里金鸡亭花园小区118$301室,福建省厦门市思明区西林西里118号301室
28,洪莲西里洪山柄北区71#502室,福建省厦门市思明区洪莲西里71号502室
29,美疆商贸公司（2楼）,福建省厦门市思明区莲前西路336-10号
30,洪文七里瑞景公园9$1802室,福建省厦门市思明区洪文七里9号1802室
31,文兴东二里50号向阳坊门口,福建省厦门市思明区文兴东二里50号
32,文兴东二里72号香港周六福,福建省厦门市思明区文兴东二里72号
33,洪莲里86号(2223)莲前侨福社区\莲前\201室,福建省厦门市思明区洪莲里86号201室
34,西林路14号A幢502室,福建省厦门市思明区西林路14号502室
35,思明前埔东一里32号(6265)莲前思明前埔北社区\莲前\702室,福建省厦门市思明区前埔东一里32号702室
36,洪文五里文兴社76$704室,福建省厦门市思明区洪文五里76号704室
37,莲前西路广顺花园687$201室,福建省厦门市思明区莲前西路687-1-1号201室
38,西林东路永裕侨建闽联云顶岩208#101室,福建省厦门市思明区西林东路208-1号101室
39,莲前西路216号<8189>莲前街道|莲怡社区||莲前街道||C102室,福建省厦门市思明区莲前西路216号C102室
40,洪莲里60号莲丰社区C110/,福建省厦门市思明区洪莲里60号C110室
41,东山社244号,福建省厦门市思明区东山社244号
42,东浦路164号701室,福建省厦门市思明区东浦路164号701室
43,洪文五里华瑞花园9$201室,福建省厦门市思明区洪文五里9号201室
44,洪文一里瑞景新村118|302室,福建省厦门市思明区洪文一里118号302室
45,前埔北/一里58号502室,福建省厦门市思明区前埔一里58号502室
46,莲前西路云亭花园324|801室,福建省厦门市思明区莲前西路324号801室
47,43店上东西里小区。6号106室,福建省厦门市思明区店上东里6号106室
48,联丰新城9号楼1601,福建省厦门市思明区洪莲路9号1601室
49,洪文二里瑞景生活广场111$501室,福建省厦门市思明区洪文二里111号501室
50,90龙山桥莲坂军休所156号502室,福建省厦门市思明区莲前西路156号502室
51,51店上东西里小区25号201室,福建省厦门市思明区店上东里25号201室
52,古楼北里69号前埔南-503室,福建省厦门市思明区古楼北里69号503室
53,文兴东二里37号前埔南-704室,福建省厦门市思明区文兴东二里37号704室
54,店上东里店上东西里小区63#106室,福建省厦门市思明区店上东里63号106室
55,96怡富花园一、二期22o号4o2室,福建省厦门市思明区莲前西路220号402室
56,东浦三里24号202室,福建省厦门市思明区东浦三里24号202室
57,古楼北里27号206室,福建省厦门市思明区古楼北里27号206室
58,莲前东路华林紫微小区792#402室,福建省厦门市思明区莲前东路792号402室
59,西林西里金鸡亭花园小区122$602室,福建省厦门市思明区西林西里122号602室
60,前埔一里前埔北一里55#107室,福建省厦门市思明区前埔一里55号107室
61,65瑞景新村127号，102室,福建省厦门市思明区洪文一里127号102室
62,洪文一里瑞景新村16#702室,福建省厦门市思明区洪文一里16号702室
63,73金鸡亭花园小区１１３号５０３室,福建省厦门市思明区西林西里113号503室
64,莲前西路-719号莲顺社区|402室,福建省厦门市思明区莲前西路719号402室
65,加州建材广场B栋1102,福建省厦门市思明区云顶中路515号
66,店上东里17号201室,福建省厦门市思明区店上东里17号201室
67,西林西二里金磊花园30|702室,福建省厦门市思明区西林西二里30号702室
68,洪文六里潘宅南小区187#402室,福建省厦门市思明区洪文六里187号402室
69,洪莲路益辉花园96#501室,福建省厦门市思明区洪莲路96号501室
70,莲前洪文松树公寓A栋314室,福建省厦门市思明区洪莲西二路1462号314室
71,莲前西路-611号莲顺社区302-1室,福建省厦门市思明区莲前西路611号302-1室
72,西林西里140-6号,福建省厦门市思明区西林西里140-6号
73,西林东里153-14号,福建省厦门市思明区西林东里153-14号
74,西林社125-1号401室,福建省厦门市思明区西林社125-1号401室
75,西林东里56号金鸡亭/C608室,福建省厦门市思明区西林东里56号C608室
76,西林西里29号金鸡亭社区C601|,福建省厦门市思明区西林西里29号C601室
77,东浦路182号(1238)莲前龙山桥社区\\莲前\\C110室,福建省厦门市思明区东浦路182号C110室
78,洪莲中路-20-101号莲丰/201室,福建省厦门市思明区洪莲中路20-101号201室
79,西林西里35号金鸡亭社区|103室,福建省厦门市思明区西林西里35号103室
80,龙山桥莲坂军休所152号，502室,福建省厦门市思明区莲前西路152号502室
81,莲前西路-729号莲顺-502室,福建省厦门市思明区莲前西路729号502室
82,前埔一里184号前埔北/404室,福建省厦门市思明区前埔一里184号404室
83,店上东里61号\7405\莲前思明前埔南社区|莲前|401室,福建省厦门市思明区店上东里61号401室
84,洪文一里10号瑞景-502室,福建省厦门市思明区洪文一里10号502室
85,前埔五里155号莲薇社区302室,福建省厦门市思明区前埔五里155号302室
86,莲前东路762号(1723)莲前莲薇社区\\莲前\\106室,福建省厦门市思明区莲前东路762号106室
87,洪文八里116号莲翔-302室,福建省厦门市思明区洪文八里116号302室
88,64华林紫微小区790号403室,福建省厦门市思明区莲前东路790号403室
89,洪文石村社南片区43号,福建省厦门市思明区洪文石村社南片区43号
90,洪文村洪文四里6号(7792)莲前瑞景社区|莲前|1201室,福建省厦门市思明区洪文四里6号1201室
91,洪莲东二里46号万景-701室,福建省厦门市思明区洪莲东二里46号701室
92,前埔五里197号406室,福建省厦门市思明区前埔五里197号406室
93,西林西里79号金鸡亭/404室,福建省厦门市思明区西林西里79号404室
94,田厝路-21号前埔北社区101室,福建省厦门市思明区田厝路21号101室
95,莲前西路-西林社32号,福建省厦门市思明区西林社32号
96,古楼北里36号前埔南-507室,福建省厦门市思明区古楼北里36号507室
97,东山社87号,福建省厦门市思明区东山社87号
98,洪文一里31号瑞景-601室,福建省厦门市思明区洪文一里31号601室
99,洪文村洪文五里58号(9577)莲前瑞景社区\莲前\402室,福建省厦门市思明区洪文五里58号402室
100,洪文六里12号莲翔社区|701室,福建省厦门市思明区洪文六里12号701室
101,东浦三里21号龙山桥社区|101室,福建省厦门市思明区东浦三里21号101室
102,店上东里103号(1429)莲前思明前埔南社区\\莲前\\601室,福建省厦门市思明区店上东里103号601室
103,侨文里22号侨福-501室,福建省厦门市思明区侨文里22号501室
104,前埔东一里17号前埔北社区503室,福建省厦门市思明区前埔东一里17号503室
105,洪莲东二里万科·金域蓝湾一期北区10#1601室,福建省厦门市思明区洪莲东二里10号1601室
106,莲前东路1206号606,福建省厦门市思明区莲前东路1206号606室
107,44洪文三里小区4号801室,福建省厦门市思明区洪文三里4号801室
108,瑞景新村131号104室,福建省厦门市思明区洪文一里131号104室
109,瑞景新村120号401室,福建省厦门市思明区洪文一里120号401室
110,益辉花园46号602室,福建省厦门市思明区洪莲路46号602室
111,洪文村洪文六里25号<6256>莲前街道|莲翔社区|莲前街道|501室,福建省厦门市思明区洪文六里25号501室
112,86前埔北区|二里210号310室,福建省厦门市思明区前埔二里210号310室
113,店上东西里小区16号1o4室,福建省厦门市思明区店上西里16号104室
114,水警鼓疗海军工程处137号601室,福建省厦门市思明区西林东路137号601室
115,前埔一里217号408室,福建省厦门市思明区前埔一里217号408室
116,洪莲中路28号艾掌管,福建省厦门市思明区洪莲中路28号
117,52民盛安置房721号601室,福建省厦门市思明区云顶中路721号601室
118,洪莲路17-128号，阿泉烧烤店,福建省厦门市思明区洪莲路17-128号
119,文兴东一里26号501室,福建省厦门市思明区文兴东一里26号501室
120,瑞景公园18号1601室,福建省厦门市思明区洪文七里18号1601室
121,金鸡亭小区1号203,福建省厦门市思明区洪莲中路16号
122,瑞景新村100号502室,福建省厦门市思明区洪文一里100号502室
123,洪莲里70号606室,福建省厦门市思明区洪莲里70号606室
124,前埔五里华林绿景花园163|401室,福建省厦门市思明区前埔五里163号401室
125,洪文七里17号202,福建省厦门市思明区洪文七里17号202室
126,东方大院8号106,福建省厦门市思明区金尚路8号106室
127,莲前西路172号(5923)莲前龙山桥社区|莲前|501室,福建省厦门市思明区莲前西路172号501室
128,94福满山庄120号1201室,福建省厦门市思明区洪莲里120号1201室
129,48龙山桥部队小区/176号201,福建省厦门市思明区东浦路176号201室
130,西林东路-9-25号莲云-102室,福建省厦门市思明区西林东路9-25号102室
131,西林社26-1号103室,福建省厦门市思明区西林社26-1号103室
132,思明区西林社26-1号103室 /,福建省厦门市思明区西林社26-1号103室
133,88怡富花园一、二期28o号C1o7室,福建省厦门市思明区莲前西路280号C107室
134,莲前东路-673号侨福社区201室,福建省厦门市思明区莲前东路673号201室
135,55金沙花园32号602之4室,福建省厦门市思明区西林西二里32号602-4室
136,莲前西路-270号莲怡社区203室,福建省厦门市思明区莲前西路270号203室
137,洪文八里72号,福建省厦门市思明区洪文八里72号
138,洪文六里29号莲翔-701室,福建省厦门市思明区洪文六里29号701室
139,思明前埔二里148号<7647>莲前街道前埔北社区|莲前街道|305室,福建省厦门市思明区前埔二里148号305室
140,店上西里22号前埔南社区109室,福建省厦门市思明区店上西里22号109室
141,西林东里7号金鸡亭社区203室,福建省厦门市思明区西林东里7号203室
142,店上东里67号前埔南/603室,福建省厦门市思明区店上东里67号603室
143,莲前西路-224号莲怡-302室,福建省厦门市思明区莲前西路224号302室
144,洪文村洪文七里27号<8037>莲前街道瑞景社区|莲前街道|2501室,福建省厦门市思明区洪文七里27号2501室
145,莲前东路601号山清水族馆,福建省厦门市思明区莲前东路601号
146,东浦三里24号龙山桥社区502|,福建省厦门市思明区东浦三里24号502室
147,洪莲东二里28号万景社区702|,福建省厦门市思明区洪莲东二里28号702室
148,西林西里122号金鸡亭-1202室,福建省厦门市思明区西林西里122号1202室
149,莲前西路186号(508)莲前龙山桥社区|莲前|501室,福建省厦门市思明区莲前西路186号501室
150,洪文五里81号洪文社区401/,福建省厦门市思明区洪文五里81号401室
151,东浦路242号403室,福建省厦门市思明区东浦路242号403室
152,32金鸡亭花园小区96号2o1室,福建省厦门市思明区西林西里96号201室
153,44华林东盛花园17号201室,福建省厦门市思明区前埔东一里17号201室
154,前埔二里53号303室,福建省厦门市思明区前埔二里53号303室
155,古楼北里4号前埔南社区302室,福建省厦门市思明区古楼北里4号302室
156,洪文一里61号301室,福建省厦门市思明区洪文一里61号301室
157,洪文一里61号瑞景-301室,福建省厦门市思明区洪文一里61号301室
158,洪莲西里50号106室,福建省厦门市思明区洪莲西里50号106室
159,洪莲西里50号莲丰-106室,福建省厦门市思明区洪莲西里50号106室
160,洪文六里68号莲翔社区1101室,福建省厦门市思明区洪文六里68号1101室
161,东浦路178号<8707>莲前街道龙山桥社区||莲前街道||C111室,福建省厦门市思明区东浦路178号C111室
162,西林村西林西里147号<3207>莲前街道金鸡亭社区||莲前街道||B106室,福建省厦门市思明区西林西里147号B106室
163,东浦三里30-4号龙山桥-C119室,福建省厦门市思明区东浦三里30-4号C119室
164,洪文八里122号莲翔社区|C102室,福建省厦门市思明区洪文八里122号C102室
165,莲前西路-342-1号莲怡社区802/,福建省厦门市思明区莲前西路342-1号802室
166,洪文村洪文一里11号(5707)莲前瑞景社区\\莲前\\302室,福建省厦门市思明区洪文一里11号302室
167,莲前东路-906号莲薇社区|301室,福建省厦门市思明区莲前东路906号301室
168,店上西里29号-前埔南社区102室,福建省厦门市思明区店上西里29号102室
169,思明前埔二里56号<4683>莲前街道前埔北社区|莲前街道|307室,福建省厦门市思明区前埔二里56号307室
170,思明前埔一里162号<3194>莲前街道前埔北社区|莲前街道|505室,福建省厦门市思明区前埔一里162号505室
171,莲前西路-128号龙山桥社区|705室,福建省厦门市思明区莲前西路128号705室
172,73国贸新城38号603室,福建省厦门市思明区前埔二里38号603室
173,店上东里24号前埔南社区504/,福建省厦门市思明区店上东里24号504室
174,62前埔南区文兴东一二里31号204室,福建省厦门市思明区文兴东二里31号204室
175,西林西里33号金鸡亭社区607|,福建省厦门市思明区西林西里33号607室
176,70前埔北/一里190号301室,福建省厦门市思明区前埔一里190号301室
177,洪文七里10号瑞景-401室,福建省厦门市思明区洪文七里10号401室
178,思明前埔二里221号(8071)莲前街道前埔北社区\\莲前街道\\508室,福建省厦门市思明区前埔二里221号508室
179,前埔东一里30号802室,福建省厦门市思明区前埔东一里30号802室
180,莲前东路-826号莲薇-603室,福建省厦门市思明区莲前东路826号603室
181,古楼北里19号楼下,福建省厦门市思明区古楼北里19号
182,东浦路186号202室,福建省厦门市思明区东浦路186号202室
183,前埔一里前埔北一里107#510室,福建省厦门市思明区前埔一里107号510室
184,洪文八里118号莲翔社区302室,福建省厦门市思明区洪文八里118号302室
185,西林东里95号金鸡亭-1室,福建省厦门市思明区西林东里95号1室
186,洪莲西里159号洪文社区701/,福建省厦门市思明区洪莲西里159号701室
187,前埔五里175号莲薇社区102室,福建省厦门市思明区前埔五里175号102室
188,侨福城侨龙里18号203室,福建省厦门市思明区侨龙里18号203室
189,西林东里136-12号,福建省厦门市思明区西林东里136-12号
190,西林村东坪山社70号,福建省厦门市思明区东坪山社70号
191,洪文三里6号瑞景社区|102室,福建省厦门市思明区洪文三里6号102室
192,莲前西路-230号莲怡-704室,福建省厦门市思明区莲前西路230号704室
193,莲前东路-381号-莲丰社区1007室,福建省厦门市思明区莲前东路381号1007室
194,东浦三里28号龙山桥社区|2903室,福建省厦门市思明区东浦三里28号2903室
195,70华林东盛花园299号401,福建省厦门市思明区前埔中路299号401室
196,思明前埔六里10号(5479)莲前莲翔社区\\莲前\\2101室,福建省厦门市思明区前埔六里10号2101室
197,洪文村洪文八里135号\5997\莲前莲翔社区|莲前|701室,福建省厦门市思明区洪文八里135号701室
198,云顶岩路61号\2556\莲前莲云社区|莲前|105室,福建省厦门市思明区云顶岩路61号105室
199,洪莲中路213-8号210，逸夫中学旁边,福建省厦门市思明区洪莲中路213-8号210室
200,东芳山庄91号<5888>莲前街道|莲顺社区||莲前街道||201室,福建省厦门市思明区东芳山庄91号201室
201,云顶中路502-15号,福建省厦门市思明区云顶中路502-15号
202,洪文村洪文三里3号(3601)莲前街道瑞景社区||莲前街道||C101室,福建省厦门市思明区洪文三里3号C101室
203,西林村西林西里7号(3655)莲前街道金鸡亭社区\\莲前街道\\C401室,福建省厦门市思明区西林西里7号C401室
204,70金磊花园２７号３０２室,福建省厦门市思明区西林西二里27号302室
205,洪文一里64号瑞景社区302室,福建省厦门市思明区洪文一里64号302室
206,洪文村洪文三里7号(5216)莲前瑞景社区\\莲前\\401室,福建省厦门市思明区洪文三里7号401室
207,前埔二里134号前埔北-604室,福建省厦门市思明区前埔二里134号604室
208,店上东里58号\4083\莲前思明前埔南社区|莲前|108室,福建省厦门市思明区店上东里58号108室
209,90怡富花园一、二期224号402室,福建省厦门市思明区莲前西路224号402室
210,洪文村洪文一里77号\9297\莲前瑞景社区|莲前|501室,福建省厦门市思明区洪文一里77号501室
211,店上西里37#前埔南社区506室,福建省厦门市思明区店上西里37号506室
212,田厝路3号(5141)莲前思明前埔北社区\\莲前\\107室,福建省厦门市思明区田厝路3号107室
213,洪莲路15号(1037)莲前莲丰社区|莲前|1102室,福建省厦门市思明区洪莲路15号1102室
214,洪莲西里58号<9153>莲前街道|莲顺社区||莲前街道||1503室,福建省厦门市思明区洪莲西里58号1503室
215,洪山柄北区152号楼楼下,福建省厦门市思明区洪莲西里152号
216,店上东里36#前埔南社区506室,福建省厦门市思明区店上东里36号506室
217,洪文七里16号-瑞景社区|502室,福建省厦门市思明区洪文七里16号502室
218,前埔西路5号,福建省厦门市思明区前埔西路5号
219,前埔五里176号1102室,福建省厦门市思明区前埔五里176号1102室
220,莲前西路290号(6259)莲前莲怡社区\\莲前\\1102室,福建省厦门市思明区莲前西路290号1102室
221,洪莲路199号,福建省厦门市思明区洪莲路199号
222,前埔一里236号305室,福建省厦门市思明区前埔一里236号305室
223,前埔二里40号前埔北-402室,福建省厦门市思明区前埔二里40号402室
224,侨文里20号(009)莲前侨福社区\\莲前\\602室,福建省厦门市思明区侨文里20号602室
225,古楼北里33号(4623)莲前街道前埔南社区||莲前街道||805室,福建省厦门市思明区古楼北里33号805室
226,洪莲西里109号\1375\莲前洪文村洪文社区|莲前|301室,福建省厦门市思明区洪莲西里109号301室
227,莲前西路182号\1074\莲前龙山桥社区|莲前|208室,福建省厦门市思明区莲前西路182号208室
228,西林社95号西林/104室,福建省厦门市思明区西林社95号104室
229,洪莲西路37-2号201室,福建省厦门市思明区洪莲西路37-2号201室
230,洪莲中路-76号莲丰-201室,福建省厦门市思明区洪莲中路76号201室
231,西林西二里金磊花园34#C101室,福建省厦门市思明区西林西二里34号C101室
232,思明区莲前西路益友花园118号508室,福建省厦门市思明区莲前西路118号508室
233,洪文六里16号莲翔-701室,福建省厦门市思明区洪文六里16号701室
234,店上东西里小区。37号505室,福建省厦门市思明区店上西里37号505室
235,前埔一里前埔北一里161$501室,福建省厦门市思明区前埔一里161号501室
236,83前埔北区|二里214号702室,福建省厦门市思明区前埔二里214号702室
237,前埔一里前埔北一里185$601室,福建省厦门市思明区前埔一里185号601室
238,洪文一里瑞景新村71$402室,福建省厦门市思明区洪文一里71号402室
239,洪莲西里嘉盛豪园14#603室,福建省厦门市思明区洪莲西里14号603室
240,洪文六里云景花园151$502室,福建省厦门市思明区洪文六里151号502室
241,51店上东西里小区78号206室,福建省厦门市思明区店上东里78号206室
242,7前埔南小区。(店上东西里)78号206室,福建省厦门市思明区店上东里78号206室
243,洪文一里瑞景新村61#501室,福建省厦门市思明区洪文一里61号501室
244,莲前西路广顺花园711$401室,福建省厦门市思明区莲前西路711号401室
245,洪莲路-84号莲丰-502室,福建省厦门市思明区洪莲路84号502室
246,前埔一里前埔北一里197#504室,福建省厦门市思明区前埔一里197号504室
247,东浦路120号302,福建省厦门市思明区东浦路120号
248,莲前东路绿洲花园824$602室,福建省厦门市思明区莲前东路824号602室
249,西林西里162号601,福建省厦门市思明区西林西里162号601室
250,93嘉盛豪园33号603室,福建省厦门市思明区洪莲西里33号603室
251,60怡富花园一、二期248号502室,福建省厦门市思明区莲前西路248号502室
252,店上东里店上东西里小区54|102室,福建省厦门市思明区店上东里54号102室
253,莲前东路华林一期三期928#803室,福建省厦门市思明区莲前东路928号803室
254,店上东里前埔南小区(店上东西里)100$401室,福建省厦门市思明区店上东里100号401室
255,莲前西路广顺花园697$501室,福建省厦门市思明区莲前西路697号501室
256,62洪山柄北区82号201室,福建省厦门市思明区洪莲西里82号201室
257,古楼北里38号前埔南-306室,福建省厦门市思明区古楼北里38号306室
258,洪文村洪文六里5号<2013>莲前街道|莲翔社区||莲前街道||501室,福建省厦门市思明区洪文六里5号501室
259,嘉盛新村57号1101室,福建省厦门市思明区洪莲西里57号1101室
260,21华林二期8号502室,福建省厦门市思明区前埔二里8号502室
261,店上东里101号前埔南社区305/,福建省厦门市思明区店上东里101号305室
262,前埔东一里华林东盛花园2$1201室,福建省厦门市思明区前埔东一里2号1201室
263,云顶至尊95号202室,福建省厦门市思明区洪文七里95-1号202室
264,洪山柄北区141号602之2室,福建省厦门市思明区洪莲西里141号602-2室
265,瑞景小学旁洪文五里1-14号店面,福建省厦门市思明区洪文五里1-14号
266,53绿洲花园832 号、109 室号、,福建省厦门市思明区莲前东路832号109室
267,莲前西路-724号莲云社区102/,福建省厦门市思明区莲前西路724号102室
268,西林村西林路52号<4849>莲前街道|莲怡社区|莲前街道|302室,福建省厦门市思明区西林路52号302室
269,洪莲里16号(1885)莲前街道|莲丰社区||莲前街道||503室,福建省厦门市思明区洪莲里16号503室
270,洪文村洪文一里9号(2018)莲前瑞景社区|莲前|202室,福建省厦门市思明区洪文一里9号202室
271,古楼南里25号前埔南-201室,福建省厦门市思明区古楼南里25号201室
272,前埔二里49号前埔北-202室,福建省厦门市思明区前埔二里49号202室
273,前埔一里226号前埔北社区306室,福建省厦门市思明区前埔一里226号306室
274,前埔五里163号502室,福建省厦门市思明区前埔五里163号502室
275,古楼北里49号(5661)莲前街道前埔南社区||莲前街道||602室,福建省厦门市思明区古楼北里49号602室
276,前埔二里50号前埔北-204室,福建省厦门市思明区前埔二里50号204室
277,益友花园112号301室,福建省厦门市思明区莲前西路112号301室
278,联发紫微花园894号408室,福建省厦门市思明区莲前东路894号408室
279,店上东里7号前埔南-304室,福建省厦门市思明区店上东里7号304室
280,洪文村洪文一里112号\7743\莲前瑞景社区|莲前|202室,福建省厦门市思明区洪文一里112号202室
281,12前埔南小区(店上东西里)８４号１０２室,福建省厦门市思明区店上东里84号102室
282,店上东西里小区84号102室,福建省厦门市思明区店上东里84号102室
283,前埔北/一里219号404室,福建省厦门市思明区前埔一里219号404室
284,91益友花园118号108室,福建省厦门市思明区莲前西路118号108室
285,66华林绿景花园157号502室,福建省厦门市思明区前埔五里157号502室
286,洪文村洪文一里56号(4306)莲前瑞景社区\\莲前\\602室,福建省厦门市思明区洪文一里56号602室
287,洪莲里86号侨福-501室,福建省厦门市思明区洪莲里86号501室
288,莲前西路-715号莲顺社区801|,福建省厦门市思明区莲前西路715号801室
289,88前埔北/一里21o号6o4室,福建省厦门市思明区前埔一里210号604室
290,前埔北区一里86号404,福建省厦门市思明区前埔一里86号404室
291,22前埔北/一里86号404室,福建省厦门市思明区前埔一里86号404室
292,前埔西路309号,福建省厦门市思明区前埔西路309号
293,东浦路-166号龙山桥社区101室,福建省厦门市思明区东浦路166号101室
294,洪莲西里72号洪文-201室,福建省厦门市思明区洪莲西里72号201室
295,云顶岩路39号701室,福建省厦门市思明区云顶岩路39号701室
296,前埔二里156号前埔北-604室,福建省厦门市思明区前埔二里156号604室
297,侨文里20号502室,福建省厦门市思明区侨文里20号502室
298,古楼北里39号<3075>莲前街道前埔南社区||莲前街道||304室,福建省厦门市思明区古楼北里39号304室
299,西林村西林东里31号(1104)莲前金鸡亭社区\\莲前\\C501室,福建省厦门市思明区西林东里31号C501室
300,洪文石村社北片区41-107号,福建省厦门市思明区洪文石村社北片区41-107号
301,洪文六里169号洪文社区|101室,福建省厦门市思明区洪文六里169号101室
302,84华美宿舍楼240号C103室,福建省厦门市思明区东浦路240-1号C103室
303,前埔中路9-115号河南饭店,福建省厦门市思明区前埔中路9-115号
304,古楼北里42号前埔南-203室,福建省厦门市思明区古楼北里42号203室
305,洪文八里64号,福建省厦门市思明区洪文八里64号
306,店上东里47号(8197)莲前思明前埔南社区|莲前|404室,福建省厦门市思明区店上东里47号404室
307,前埔北区|二里119号8o3室,福建省厦门市思明区前埔二里119号803室
308,思明前埔二里214号(6888)莲前街道前埔北社区\\莲前街道\\1001室,福建省厦门市思明区前埔二里214号1001室
309,西林西里77号317,福建省厦门市思明区西林西里77号317室
310,前埔一里78号603室,福建省厦门市思明区前埔一里78号603室
311,前埔一里前埔北一里78#603室,福建省厦门市思明区前埔一里78号603室
312,洪文村洪文一里74号(7575)莲前街道瑞景社区||莲前街道||202室,福建省厦门市思明区洪文一里74号202室
313,西林西里56号503,福建省厦门市思明区西林西里56号503室
314,西林西里56号503室,福建省厦门市思明区西林西里56号503室
315,前埔一里236号前埔北社区905室,福建省厦门市思明区前埔一里236号905室
316,洪文村洪文六里191号(7066)莲前洪文村洪文社区\\莲前\\501室,福建省厦门市思明区洪文六里191号501室
317,古楼北里64号<6462>莲前街道前埔南社区||莲前街道||602室,福建省厦门市思明区古楼北里64号602室
318,西林村西林西里73号(2144)莲前金鸡亭社区\\莲前\\607室,福建省厦门市思明区西林西里73号607室
319,西林村西林路26号\6551\莲前莲怡社区|莲前|202室,福建省厦门市思明区西林路26号202室
320,西林村西林东里119号<5071>莲前街道金鸡亭社区||莲前街道||606室,福建省厦门市思明区西林东里119号606室
321,思明前埔一里185号(9248)莲前思明前埔北社区\\莲前\\502室,福建省厦门市思明区前埔一里185号502室
322,11前埔北一 里 204号615,福建省厦门市思明区前埔一里204号615室
323,莲前西路220号<8846>莲前街道|莲怡社区|莲前街道|102室,福建省厦门市思明区莲前西路220号102室
324,莲前西路332号\879\莲前莲怡社区|莲前|202室,福建省厦门市思明区莲前西路332号202室
325,洪山柄北区144-602,福建省厦门市思明区洪莲西里144号602室
326,前埔北区|二里165号506室,福建省厦门市思明区前埔二里165号506室
327,24云景花园119 号、601 室号、,福建省厦门市思明区洪文六里119号601室
328,莲前东路-57号莲丰社区404室,福建省厦门市思明区莲前东路57号404室
329,店上东里10号\8282\莲前思明前埔南社区|莲前|503室,福建省厦门市思明区店上东里10号503室
330,洪莲中路16号202室,福建省厦门市思明区洪莲中路16号202室
331,洪莲西里14号(7943)莲前莲丰社区\\莲前\\1101室,福建省厦门市思明区洪莲西里14号1101室
332,莲前西路184号(3656)莲前龙山桥社区\\莲前\\301-2室,福建省厦门市思明区莲前西路184号301-2室
333,70庐山公寓１８号C１０１室,福建省厦门市思明区东浦三里18号C101室
334,西林路28号404-2室,福建省厦门市思明区西林路28号404-2室
335,莲前西路200号<7726>莲前街道|莲怡社区|莲前街道|C103室,福建省厦门市思明区莲前西路200号C103室
336,莲前西路146号(5672)莲前街道龙山桥社区||莲前街道||502室,福建省厦门市思明区莲前西路146号502室
337,文兴东二里26号105室,福建省厦门市思明区文兴东二里26号105室
338,洪文村洪文六里34号\2993\莲前莲翔社区|莲前|502室,福建省厦门市思明区洪文六里34号502室
339,洪文村洪文六里26号<7841>莲前街道|莲翔社区||莲前街道||101室,福建省厦门市思明区洪文六里26号101室
340,思明前埔二里212号(2503)莲前思明前埔北社区\\莲前\\206室,福建省厦门市思明区前埔二里212号206室
341,12前埔南小区(店上东西 里 )94 号、604 室号、,福建省厦门市思明区店上东里94号604室
342,思明前埔二里223号\2593\莲前思明前埔北社区|莲前|804室,福建省厦门市思明区前埔二里223号804室
343,西林西二里1号304室,福建省厦门市思明区西林西二里1号304室
344,店上东里71号<0043>莲前街道前埔南社区|莲前街道|105室,福建省厦门市思明区店上东里71号105室
345,店上西里48号<5605>莲前街道前埔南社区|莲前街道|703室,福建省厦门市思明区店上西里48号703室
346,前埔北/一里172号1003室,福建省厦门市思明区前埔一里172号1003室
347,莲前东路华林紫微小区752$702室,福建省厦门市思明区莲前东路752号702室
348,云亭花园352号301室,福建省厦门市思明区莲前西路352-1号301室
349,洪文二里109号瑞景-701室,福建省厦门市思明区洪文二里109号701室
350,88万景公寓37号1103室,福建省厦门市思明区洪莲东二里37号1103室
351,前埔东一里18号前埔北社区|602室,福建省厦门市思明区前埔东一里18号602室
352,西林东里140号莲云-401室,福建省厦门市思明区西林东里140号401室
353,96前埔北/一里166号206室,福建省厦门市思明区前埔一里166号206室
354,东芳花园729号903室,福建省厦门市思明区莲前西路729号903室
355,洪莲路68号<8832>莲前街道|莲丰社区||莲前街道||301室,福建省厦门市思明区洪莲路68号301室
356,文兴东三里12-1号807室,福建省厦门市思明区文兴东三里12-1号807室
357,思明前埔一里83号(2067)莲前思明前埔北社区\\莲前\\104室,福建省厦门市思明区前埔一里83号104室
358,洪文村洪文七里91-2号<6649>莲前街道|莲翔社区||莲前街道||1502室,福建省厦门市思明区洪文七里91-2号1502室
359,香榭园云顶花园2o3号7o4室,福建省厦门市思明区西林东里203号704室
360,店上东里5号(6099)莲前街道前埔南社区\\莲前街道\\506室,福建省厦门市思明区店上东里5号506室
361,洪莲东二里29号903室,福建省厦门市思明区洪莲东二里29号903室
362,57怡富花园一、二期254号102室,福建省厦门市思明区莲前西路254号102室
363,西林村西林西里15号<6896>莲前街道金鸡亭社区||莲前街道||C603室,福建省厦门市思明区西林西里15号C603室
364,洪文村洪文七里20号<7829>莲前街道瑞景社区||莲前街道||C113室,福建省厦门市思明区洪文七里20号C113室
365,东浦路华美宿舍楼244$C102室,福建省厦门市思明区东浦路244号C102室
366,前埔五里139号莲薇-201室,福建省厦门市思明区前埔五里139号201室
367,莲前西路294号(126)莲前莲怡社区\\莲前\\1202室,福建省厦门市思明区莲前西路294号1202室
368,洪莲里62-101号,福建省厦门市思明区洪莲里62-101号
369,洪莲里55号莲丰-C109室,福建省厦门市思明区洪莲里55号C109室
370,西林村西林东路299号(3668)莲前莲云社区\\莲前\\601室,福建省厦门市思明区西林东路299号601室
371,文兴东二里前埔南区文兴东一二里15#301室,福建省厦门市思明区文兴东二里15号301室
372,思明前埔二里180号<9631>莲前街道前埔北社区||莲前街道||509室,福建省厦门市思明区前埔二里180号509室
373,店上东里29号(2563)莲前思明前埔南社区|莲前|501室,福建省厦门市思明区店上东里29号501室
374,莲前西路116号<4982>莲前街道龙山桥社区||莲前街道||405室,福建省厦门市思明区莲前西路116号405室
375,前埔一里前埔北一里63$504室,福建省厦门市思明区前埔一里63号504室
376,88瑞景新村68号202室,福建省厦门市思明区洪文一里68号202室
377,西林村西林东里196号(1508)莲前街道\莲云社区\\莲前街道\\106室,福建省厦门市思明区西林东里196号106室
378,洪文八里厦航洪文小区(洪文六里)44$202室,福建省厦门市思明区洪文八里44号202室
379,店上东里1号\7004\莲前思明前埔南社区|莲前|507室,福建省厦门市思明区店上东里1号507室
380,前埔东一里华林东盛花园18$302室,福建省厦门市思明区前埔东一里18号302室
381,西林村西林东里153号(9425)莲前莲云社区\\莲前\\103室,福建省厦门市思明区西林东里153号103室
382,前埔一里164号402室,福建省厦门市思明区前埔一里164号402室
383,店上东里店上东西里小区61$201室,福建省厦门市思明区店上东里61号201室
384,洪文二里瑞景生活广场102#301室,福建省厦门市思明区洪文二里102号301室
385,思明前埔一里44号(4192)莲前思明前埔北社区|莲前|1006室,福建省厦门市思明区前埔一里44号1006室
386,东芳山庄12号,福建省厦门市思明区东芳山庄12号
387,西林村西林西里77号(9902)莲前街道金鸡亭社区||莲前街道||514室,福建省厦门市思明区西林西里77号514室
388,西林村西林东路413号<4766>莲前街道|莲云社区||莲前街道||203室,福建省厦门市思明区西林东路413号203室
389,洪文一里48号瑞景/701室,福建省厦门市思明区洪文一里48号701室
390,西林村西林东里154号(7508)莲前莲云社区\\莲前\\105室,福建省厦门市思明区西林东里154号105室
391,洪文六里61号莲翔-301室,福建省厦门市思明区洪文六里61号301室
392,西林东路永裕侨建闽联云顶岩403$401室,福建省厦门市思明区西林东路403号401室
393,洪文村洪文五里77号(1476)莲前洪文村洪文社区|莲前|602室,福建省厦门市思明区洪文五里77号602室
394,厦门市西林东路133号,福建省厦门市思明区西林东路133号
395,洪莲中路-292号莲丰社区|606室,福建省厦门市思明区洪莲中路292号606室
396,东坪山社122号101室,福建省厦门市思明区东坪山社122号101室
397,西林社78号308室,福建省厦门市思明区西林社78号308室
398,洪莲西里38号莲丰-1901室,福建省厦门市思明区洪莲西里38号1901室
399,西林西里36号金鸡亭社区|C501室,福建省厦门市思明区西林西里36号C501室
400,莲前东路-812号莲薇-C105室,福建省厦门市思明区莲前东路812号C105室
401,西林村西林东里139-10号<2767>莲前街道|莲云社区|莲前街道|101室,福建省厦门市思明区西林东里139-10号101室
402,前埔一里118号前埔北-201室,福建省厦门市思明区前埔一里118号201室
403,洪文一里47号201室,福建省厦门市思明区洪文一里47号201室
404,洪文八里99号莲翔社区|101室,福建省厦门市思明区洪文八里99号101室
405,莲前东路-703号前埔北社区|401室,福建省厦门市思明区莲前东路703号401室
406,前埔二里11号前埔北-701室,福建省厦门市思明区前埔二里11号701室
407,洪文村洪文一里127号(8898)莲前瑞景社区\\莲前\\201室,福建省厦门市思明区洪文一里127号201室
408,洪文一里120号瑞景/302室,福建省厦门市思明区洪文一里120号302室
409,前埔一里188号前埔北-405室,福建省厦门市思明区前埔一里188号405室
410,店上东里65号前埔南-402室,福建省厦门市思明区店上东里65号402室
411,洪莲里福满山庄101|702室,福建省厦门市思明区洪莲里101号702室
412,店上东里18号-前埔南社区504室,福建省厦门市思明区店上东里18号504室
413,西林东里1号金鸡亭社区203室,福建省厦门市思明区西林东里1号203室
414,思明前埔一里156号(601)莲前思明前埔北社区|莲前|104室,福建省厦门市思明区前埔一里156号104室
415,洪文一里56号瑞景/302室,福建省厦门市思明区洪文一里56号302室
416,侨文里30号102室,福建省厦门市思明区侨文里30号102室
417,侨文里侨福城小区一二三期30$102室,福建省厦门市思明区侨文里30号102室
418,洪莲里14号莲丰-201室,福建省厦门市思明区洪莲里14号201室
419,洪文村洪文六里15号\3405\莲前莲翔社区|莲前|402室,福建省厦门市思明区洪文六里15号402室
420,洪莲路-80号莲丰/101室,福建省厦门市思明区洪莲路80号101室
421,洪文六里36号莲翔社区|701室,福建省厦门市思明区洪文六里36号701室
422,前埔一里183号前埔北社区|705室,福建省厦门市思明区前埔一里183号705室
423,华林二期1号301室,福建省厦门市思明区前埔二里1号301室
424,莲前东路-383号莲丰社区|402室,福建省厦门市思明区莲前东路383号402室
425,莲前西路-142号龙山桥-301室,福建省厦门市思明区莲前西路142号301室
426,洪莲东二里2号万景-1201室,福建省厦门市思明区洪莲东二里2号1201室
427,西林东里47号金鸡亭-306室,福建省厦门市思明区西林东里47号306室
428,洪文六里4号莲翔-601室,福建省厦门市思明区洪文六里4号601室
429,东浦三里26号龙山桥-1904室,福建省厦门市思明区东浦三里26号1904室
430,思明前埔六里11号\9104\莲前莲翔社区|莲前|501室,福建省厦门市思明区前埔六里11号501室
431,62洪文三里小区。8号c109室,福建省厦门市思明区洪文三里8号c109室
432,90前埔北/一里161号602室,福建省厦门市思明区前埔一里161号602室
433,店上东西里小区2o号2o4室,福建省厦门市思明区店上西里20号204室
434,68前埔南小区-店上东西里-7号703室,福建省厦门市思明区店上东里7号703室
435,83华林紫微小区818号 303室,福建省厦门市思明区莲前东路818号303室
436,金尚路4号<4415>莲前街道|莲顺社区||莲前街道||502室,福建省厦门市思明区金尚路4号502室
437,店上东里50-3号302室,福建省厦门市思明区店上东里50-3号302室
438,洪莲中路12号,福建省厦门市思明区洪莲中路12号
439,洪莲中路12号快递公司,福建省厦门市思明区洪莲中路12号
440,前埔南小区(店上东西里)35号1o3室,福建省厦门市思明区店上西里35号103室
441,20云景花园137号1o2室,福建省厦门市思明区洪文六里137号102室
442,西林村西林东里208号(5569)莲前街道\莲云社区\\莲前街道\\606室,福建省厦门市思明区西林东里208号606室
443,洪莲路74号<7949>莲前街道|莲丰社区|莲前街道|402室,福建省厦门市思明区洪莲路74号402室
444,前埔北/一里178号102室,福建省厦门市思明区前埔一里178号102室
445,西林村西林东里159号\7964\莲前莲云社区|莲前|703室,福建省厦门市思明区西林东里159号703室
446,洪文泥窟社南片区7号洪文泥窟社南片区7号,福建省厦门市思明区洪文泥窟社南片区7号
447,10国贸新城34号205室,福建省厦门市思明区前埔二里34号205室
448,55永裕侨建闽联云顶岩413号4o5室,福建省厦门市思明区西林东路413号405室
449,67东芳花园739号202室,福建省厦门市思明区莲前西路739号202室
450,思明前埔东一里19号<4566>莲前街道前埔北社区|莲前街道|102室,福建省厦门市思明区前埔东一里19号102室
451,莲前西路224号<4275>莲前街道|莲怡社区|莲前街道|201室,福建省厦门市思明区莲前西路224号201室
452,福建省厦门市思明区怡富花园一期216号701室,福建省厦门市思明区莲前西路216号701室
453,前埔北区|二里21号302室,福建省厦门市思明区田厝路21号302室
454,店上东里79号(1142)莲前思明前埔南社区\\莲前\\403室,福建省厦门市思明区店上东里79号403室
455,91华林绿景花园172号601室,福建省厦门市思明区前埔五里172号601室
456,华林东盛花园29号201室,福建省厦门市思明区前埔东一里29号201室
457,瑞景新村81号701室,福建省厦门市思明区洪文一里81号701室
458,洪文村洪文一里123号<7345>莲前街道瑞景社区|莲前街道|302室,福建省厦门市思明区洪文一里123号302室
459,洪文五里93号501室,福建省厦门市思明区洪文五里93号501室
460,思明前埔六里14号<0817>莲前街道|莲翔社区|莲前街道|1801室,福建省厦门市思明区前埔六里14号1801室
461,洪文//洪莲中路515,福建省厦门市思明区洪莲中路515号
462,莲薇社區、前埔五裏152,福建省厦门市思明区前埔五里152号
463,莲翔//洪文六裏131,福建省厦门市思明区洪文六里131号
464,前埔南社區-文興東二裏58,福建省厦门市思明区文兴东二里58号
465,前埔北社區-前埔中-237,福建省厦门市思明区前埔中路237号
466,前埔北//前埔一裏117,福建省厦门市思明区前埔一里117号
467,莲翔社區-洪文六裏128,福建省厦门市思明区洪文六里128号
468,萬景社區、洪莲路428,福建省厦门市思明区洪莲路428号
469,金雞亭社区-西林東裏65,福建省厦门市思明区西林东里65号
470,萬景-洪蓮東二裏22,福建省厦门市思明区洪莲东二里22号
471,僑福//前埔西路307之101,福建省厦门市思明区前埔西路307-101号
472,蓮怡//蓮前西路314,福建省厦门市思明区莲前西路314号
473,莲順社區-東芳山莊55,福建省厦门市思明区东芳山庄55号
474,僑福//莲前東路639,福建省厦门市思明区莲前东路639号
475,萬景社區、呂嶺路1076,福建省厦门市思明区吕岭路1076号
476,前埔北社區 思明 前埔中路231,福建省厦门市思明区前埔中路231号
477,萬景社区-洪蓮-378,福建省厦门市思明区洪莲路378号
478,蓮翔社區/洪文八裏106,福建省厦门市思明区洪文八里106号
479,洪文社區 思明 洪莲中路25,福建省厦门市思明区洪莲中路25号
480,前埔北社区-前埔一裏120,福建省厦门市思明区前埔一里120号
481,僑福社区-前埔西-353,福建省厦门市思明区前埔西路353号
482,蓮豐//雲頂中路474,福建省厦门市思明区云顶中路474号
483,蓮豐社区、雲頂中路658,福建省厦门市思明区云顶中路658号
484,蓮薇社區-前埔南-52,福建省厦门市思明区前埔南路52号
485,蓮豐社区-雲頂中-566,福建省厦门市思明区云顶中路566号
486,蓮順社区/雲頂中路711,福建省厦门市思明区云顶中路711号
487,蓮薇社区、蓮前東路888之1,福建省厦门市思明区莲前东路888-1号
488,蓮豐社区-洪蓮裏4之101,福建省厦门市思明区洪莲里4-101号
489,前埔北社區 思明 前埔中路285,福建省厦门市思明区前埔中路285号
490,萬景社区、洪蓮北路1041,福建省厦门市思明区洪莲北路1041号
491,蓮薇社区-前埔南-88,福建省厦门市思明区前埔南路88号
492,前埔北社区、前埔東一裏21,福建省厦门市思明区前埔东一里21号
493,蓮薇社区-前埔西-170之101,福建省厦门市思明区前埔西路170-101号
494,蓮翔社區/洪文八裏105,福建省厦门市思明区洪文八里105号
495,莲豐社區 思明 洪莲裏43,福建省厦门市思明区洪莲里43号
496,前埔北//莲前東路989,福建省厦门市思明区莲前东路989号
497,蓮豐社区/蓮前東路77,福建省厦门市思明区莲前东路77号
498,蓮順社区 思明 東芳山莊44之1,福建省厦门市思明区东芳山庄44-1号
499,莲翔社區/莲前東路654,福建省厦门市思明区莲前东路654号
500,瑞景//莲前東路154,福建省厦门市思明区莲前东路154号
501,前埔北-前埔中路259,福建省厦门市思明区前埔中路259号
502,龍山橋社区 思明 東浦路565,福建省厦门市思明区东浦路565号
503,蓮豐-雲頂中路464,福建省厦门市思明区云顶中路464号
504,蓮豐社区、雲頂中路512,福建省厦门市思明区云顶中路512号
505,蓮翔社區-洪文八裏102,福建省厦门市思明区洪文八里102号
506,前埔北//前埔中路217,福建省厦门市思明区前埔中路217号
507,前埔北社区/前埔東一裏28,福建省厦门市思明区前埔东一里28号
508,蓮順社区 思明 東芳山莊11,福建省厦门市思明区东芳山庄11号
509,蓮豐社区、洪蓮裏59之5,福建省厦门市思明区洪莲里59-5号
510,前埔南社区-店上東裏88,福建省厦门市思明区店上东里88号
511,僑福社区-前埔西-339,福建省厦门市思明区前埔西路339号
512,蓮豐社区 思明 蓮前東路81,福建省厦门市思明区莲前东路81号
513,蓮豐-雲頂中路530,福建省厦门市思明区云顶中路530号
514,前埔北//蓮前東路971之101,福建省厦门市思明区莲前东路971-101号
515,蓮翔社區-洪文八裏87,福建省厦门市思明区洪文八里87号
516,萬景社区/洪蓮北路1029,福建省厦门市思明区洪莲北路1029号
517,蓮翔//洪文六裏110,福建省厦门市思明区洪文六里110号
518,僑福//蓮前東路633,福建省厦门市思明区莲前东路633号
519,蓮豐社区、雲頂中路502之3,福建省厦门市思明区云顶中路502-3号
520,前埔北社区 思明 前埔一裏140,福建省厦门市思明区前埔一里140号
521,蓮豐社区  洪蓮中路62,福建省厦门市思明区洪莲中路62号
522,前埔北社区/前埔一裏100,福建省厦门市思明区前埔一里100号
523,蓮順社区/東芳山莊72,福建省厦门市思明区东芳山庄72号
524,僑福社区、前埔西路325之101,福建省厦门市思明区前埔西路325-101号
525,洪文社區-洪莲中-29,福建省厦门市思明区洪莲中路29号
526,莲翔社區、洪文六裏118,福建省厦门市思明区洪文六里118号
527,僑福//前埔西路17,福建省厦门市思明区前埔西路17号
528,蓮豐社区、雲頂中路480,福建省厦门市思明区云顶中路480号
529,洪文//洪蓮西二裏181,福建省厦门市思明区洪莲西二里181号
530,莲豐社區 思明 洪莲裏24,福建省厦门市思明区洪莲里24号
531,莲順//東芳山莊89,福建省厦门市思明区东芳山庄89号
532,龍山橋社區-東浦-599,福建省厦门市思明区东浦路599号
533,洪文//洪蓮中路33,福建省厦门市思明区洪莲中路33号
534,蓮豐社区-雲頂中-524,福建省厦门市思明区云顶中路524号
535,蓮豐社区、雲頂中路554,福建省厦门市思明区云顶中路554号
536,洪文石村社南片区88号201室,福建省厦门市思明区洪文石村社南片区88号201室
537,西林东里145号莲云-301室,福建省厦门市思明区西林东里145号301室
538,68华林紫微小区776 号、104 室号、,福建省厦门市思明区莲前东路776号104室
539,店上东里23号202室,福建省厦门市思明区店上东里23号202室
540,前埔一里195号前埔北社区102室,福建省厦门市思明区前埔一里195号102室
541,店上西里3号<8956>莲前街道前埔南社区|莲前街道|406室,福建省厦门市思明区店上西里3号406室
542,前埔一里223号前埔北社区303室,福建省厦门市思明区前埔一里223号303室
543,前埔东一里20号前埔北社区|202室,福建省厦门市思明区前埔东一里20号202室
544,前埔五里208号莲薇-403室,福建省厦门市思明区前埔五里208号403室
545,西林东路-169号莲云社区602室,福建省厦门市思明区西林东路169号602室
546,85前埔北/一里148号505、,福建省厦门市思明区前埔一里148号505室
547,70华瑞花园52号104室,福建省厦门市思明区洪文五里52号104室
548,洪文村洪文六里11号(4202)莲前莲翔社区\\莲前\\201室,福建省厦门市思明区洪文六里11号201室
549,店上西里11号前埔南社区103/,福建省厦门市思明区店上西里11号103室
550,洪文五里13号瑞景社区502/,福建省厦门市思明区洪文五里13号502室
551,吕岭路-996号万景社区|302室,福建省厦门市思明区吕岭路996号302室
552,西林东里9号金鸡亭社区201室,福建省厦门市思明区西林东里9号201室
553,洪文一里114号瑞景社区201室,福建省厦门市思明区洪文一里114号201室
554,嘉盛豪园40-1202,福建省厦门市思明区洪莲西里40号1202室
555,前埔五里169号莲薇社区1002|,福建省厦门市思明区前埔五里169号1002室
556,红星安华小区。3号302室,福建省厦门市思明区东浦三里3号302室
557,17永裕侨建闽联云顶岩307号302室,福建省厦门市思明区西林东路307号302室
558,洪莲中路199号,福建省厦门市思明区洪莲中路199号
559,东坪山社81-2号101室,福建省厦门市思明区东坪山社81-2号101室
560,88洪文三 里 小区/19号C105,福建省厦门市思明区洪文三里19号C105室
561,龙山桥部队小区、194号C105室,福建省厦门市思明区东浦路194号C105室
562,20厦航洪文小区。(洪文六里)120号C101室,福建省厦门市思明区洪文八里120号C101室
563,红星安华小区13 号、1101 室号、,福建省厦门市思明区东浦三里13号1101室
564,西林东里香榭园云顶花园208#207室,福建省厦门市思明区西林东里208号207室
565,古楼南里20号405室,福建省厦门市思明区古楼南里20号405室
566,东山社14号,福建省厦门市思明区东山社14号
567,洪莲路32号\7786\莲前莲丰社区|莲前|701室,福建省厦门市思明区洪莲路32号701室
568,洪文石村社南片区63号洪文石村社南片区63号,福建省厦门市思明区洪文石村社南片区63号
569,思明区莲前东路904号501室,福建省厦门市思明区莲前东路904号501室
570,思明前埔五里158号\1103\莲前莲薇社区|莲前|603室,福建省厦门市思明区前埔五里158号603室
571,前埔一里219号304室,福建省厦门市思明区前埔一里219号304室
572,益辉花园72号302室,福建省厦门市思明区洪莲路72号302室
573,前埔二里42号前埔北-306室,福建省厦门市思明区前埔二里42号306室
574,洪文五里11号瑞景社区101室,福建省厦门市思明区洪文五里11号101室
575,洪山柄南区95号11o1室,福建省厦门市思明区洪文五里95号1101室
576,46民盛安置房745号601之1室,福建省厦门市思明区云顶中路745号601-1室
577,洪莲里66-3号,福建省厦门市思明区洪莲里66-3号
578,西林西里60号金鸡亭-C404室,福建省厦门市思明区西林西里60号C404室
579,莲前西路-120号龙山桥社区C110室,福建省厦门市思明区莲前西路120号C110室
580,莲前西路-358号-莲怡社区C102室,福建省厦门市思明区莲前西路358号C102室
581,前埔二里前埔北区二里164$508室,福建省厦门市思明区前埔二里164号508室
582,店上东里93号前埔南-505室,福建省厦门市思明区店上东里93号505室
583,洪莲东二里15号,福建省厦门市思明区洪莲东二里15号
584,前埔二里197号前埔北社区|402室,福建省厦门市思明区前埔二里197号402室
585,洪文一里28号-瑞景社区402室,福建省厦门市思明区洪文一里28号402室
586,东芳山庄93号莲顺社区103室,福建省厦门市思明区东芳山庄93号103室
587,莲前西路-152号龙山桥-202室,福建省厦门市思明区莲前西路152号202室
588,东浦三里2号龙山桥社区1102/,福建省厦门市思明区东浦三里2号1102室
589,47前埔北一 里 225号308,福建省厦门市思明区前埔一里225号308室
590,莲前西路-186号龙山桥社区402室,福建省厦门市思明区莲前西路186号402室
591,洪莲路-13号莲丰社区1702室,福建省厦门市思明区洪莲路13号1702室
592,前埔二里152号前埔北-513室,福建省厦门市思明区前埔二里152号513室
593,86前埔北/一里２１５号２１２室,福建省厦门市思明区前埔一里215号212室
594,前埔一里前埔北一里65|407室,福建省厦门市思明区前埔一里65号407室
595,云顶岩路47号<0696>莲前街道|莲云社区||莲前街道||101室,福建省厦门市思明区云顶岩路47号101室
596,西林西里161号金鸡亭社区|602室,福建省厦门市思明区西林西里161号602室
597,前埔西路351号,福建省厦门市思明区前埔西路351号
598,洪莲中路23号6楼,福建省厦门市思明区洪莲中路23号
599,中国铁建厦门轨道2号线钢材加工中心,福建省厦门市思明区洪文泥窟社北片区131号
600,洪文村洪文三里16号(5775)莲前瑞景社区\\莲前\\C107室,福建省厦门市思明区洪文三里16号C107室
601,西林村西林东里152号(695)莲前莲云社区\\莲前\\201室,福建省厦门市思明区西林东里152号201室
602,店上西里2号(8586)莲前思明前埔南社区\\莲前\\307室,福建省厦门市思明区店上西里2号307室
603,思明前埔二里222号(961)莲前思明前埔北社区\\莲前\\1106室,福建省厦门市思明区前埔二里222号1106室
604,洪文五里华瑞花园12$301室,福建省厦门市思明区洪文五里12号301室
605,前埔一里108号前埔北-308室,福建省厦门市思明区前埔一里108号308室
606,莲前西路怡富花园一、二期276$102室,福建省厦门市思明区莲前西路276号102室
607,莲前东路756号(4689)莲前莲薇社区\\莲前\\606室,福建省厦门市思明区莲前东路756号606室
608,华林绿景花园177栋2楼201,福建省厦门市思明区前埔五里177号201室
609,西林村西林西二里24号<3389>莲前街道|莲怡社区|莲前街道|601室,福建省厦门市思明区西林西二里24号601室
610,古楼南里46号308室,福建省厦门市思明区古楼北里46号308室
611,明发花园709号202 /,福建省厦门市思明区莲前东路709号
612,前埔北/一里51号508室,福建省厦门市思明区前埔一里51号508室
613,侨福城一期侨文里13号802,福建省厦门市思明区侨文里13号802室
614,前埔东一里华林东盛花园28#1102室,福建省厦门市思明区前埔东一里28号1102室
615,莲前西路108号(5968)莲前龙山桥社区\\莲前\\503室,福建省厦门市思明区莲前西路108号503室
616,西林西二路79号,福建省厦门市思明区西林西二路79号
617,90洪山柄北区73号202之1室,福建省厦门市思明区洪莲西里73号202-1室
618,联发紫微花园866号201,福建省厦门市思明区莲前东路866号201室
619,21前埔北/一里129号201室,福建省厦门市思明区前埔一里129号201室
620,侨文里18号701室,福建省厦门市思明区侨文里18号701室
621,西林东里166号莲云社区|804室,福建省厦门市思明区西林东里166号804室
622,前埔北区|二里9号601室,福建省厦门市思明区田厝路9号601室
623,古楼南里8号(9901)莲前思明前埔南社区\\莲前\\505室,福建省厦门市思明区古楼南里8号505室
624,洪文村洪文一里136号<5536>莲前街道瑞景社区||莲前街道||101室,福建省厦门市思明区洪文一里136号101室
625,89香榭园云顶花园141 号、602 室号、,福建省厦门市思明区西林东里141号602室
626,55华林二期2号501室,福建省厦门市思明区前埔二里2号501室
627,店上东里77#前埔南社区308室,福建省厦门市思明区店上东里77号308室
628,68瑞景生活广场112号401室,福建省厦门市思明区洪文二里112号401室
629,71夏商百批宿舍851号403室,福建省厦门市思明区莲前西路851号403室
630,洪文村洪文七里7号(4141)莲前瑞景社区|莲前|2101室,福建省厦门市思明区洪文七里7号2101室
631,68华瑞花园17号202室,福建省厦门市思明区洪文五里17号202室
632,侨福城侨兴里21号304,福建省厦门市思明区侨兴里21号304室
633,洪文村洪文六里41号(2979)莲前莲翔社区\\莲前\\502室,福建省厦门市思明区洪文六里41号502室
634,古楼北里小区60号之二402,福建省厦门市思明区古楼北里60-2号402室
635,前埔六里源泉山庄16$1301室,福建省厦门市思明区前埔六里16号1301室
636,西林路西林村112号,福建省厦门市思明区西林社112号
637,东浦路140号607室,福建省厦门市思明区东浦路140号607室
638,古楼南里15号204室,福建省厦门市思明区古楼北里15号204室
639,思明区店上东里3号203,福建省厦门市思明区店上东里3号203室
640,莲前东路902号(2697)莲前莲薇社区\\莲前\\106室,福建省厦门市思明区莲前东路902号106室
641,西林东里42号705室,福建省厦门市思明区西林东里42号705室
642,店上东里29号601室,福建省厦门市思明区店上东里29号601室
643,洪文六里厦航洪文小区(洪文六里)27$401室,福建省厦门市思明区洪文六里27号401室
644,华林紫微小区758號403室,福建省厦门市思明区莲前东路758号403室
645,云顶中路民盛安置房739$202室,福建省厦门市思明区云顶中路739号202室
646,西林东里236号,福建省厦门市思明区西林东里236号
647,洪文一里118号瑞景/102室,福建省厦门市思明区洪文一里118号102室
648,西林村东坪山社84-1号,福建省厦门市思明区东坪山社84-1号
649,0国贸新城76 号、101 室号、,福建省厦门市思明区田厝路76号101室
650,思明侨洪里7号1502室,福建省厦门市思明区侨洪里7号1502室
651,莲前西路96号(4206)莲前龙山桥社区\\莲前\\206室,福建省厦门市思明区莲前西路96号206室
652,洪山柄北区152号101室,福建省厦门市思明区洪莲西里152号101室
653,洪莲东二里36号(2355)莲前万景社区\\莲前\\803室,福建省厦门市思明区洪莲东二里36号803室
654,洪文六里129号莲翔社区501室,福建省厦门市思明区洪文六里129号501室
655,金鸡亭小区74号405室,福建省厦门市思明区西林西里74号405室
656,店上东里89号前埔南-604室,福建省厦门市思明区店上东里89号604室
657,69一百宿舍164号C101室,福建省厦门市思明区东浦路164号C101室
658,华林紫微小区784号C107室,福建省厦门市思明区莲前东路784号C107室
659,宝龙一城东塔1402室,福建省厦门市思明区吕岭路1581号1402室
660,前埔五里195号莲薇-201室,福建省厦门市思明区前埔五里195号201室
661,田厝路25号(5571)莲前思明前埔北社区\\莲前\\403室,福建省厦门市思明区田厝路25号403室
662,金鸡亭花园小区８２号８０６室,福建省厦门市思明区西林西里82号806室
663,洪文村洪文一里99号(7651)莲前街道瑞景社区||莲前街道||202室,福建省厦门市思明区洪文一里99号202室
664,洪文六里33号莲翔-501室,福建省厦门市思明区洪文六里33号501室
665,67华林紫微小区788号 206室,福建省厦门市思明区莲前东路788号206室
666,福满山庄119號203室,福建省厦门市思明区洪莲里119号203室
667,洪文一里106号101室,福建省厦门市思明区洪文一里106号101室
668,洪莲西里9号莲丰社区502室,福建省厦门市思明区洪莲西里9号502室
669,前埔一里176号前埔北-406室,福建省厦门市思明区前埔一里176号406室
670,63瑞景公园４１号３０１室,福建省厦门市思明区洪文七里41号301室
671,民盛安置房731号401室,福建省厦门市思明区云顶中路731号401室
672,19瑞景公园10号1802室,福建省厦门市思明区洪文七里10号1802室
673,西林路-56号莲怡社区403室,福建省厦门市思明区西林路56号403室
674,洪文村洪文三里19号(3958)莲前街道瑞景社区||莲前街道||704室,福建省厦门市思明区洪文三里19号704室
675,东浦三里29号(8301)莲前龙山桥社区\\莲前\\203室,福建省厦门市思明区东浦三里29号203室
676,西林村东山社57-1号,福建省厦门市思明区东山社57-1号
677,洪文五里1-22号,福建省厦门市思明区洪文五里1-22号
678,福建省厦门市思明区洪文五里1号二十二中国兰州拉面(瑞景店),福建省厦门市思明区洪文五里1-22号
679,莲前东路-653-1号侨福社区|201室,福建省厦门市思明区莲前东路653-1号201室
680,东浦路-202号龙山桥社区502室,福建省厦门市思明区东浦路202号502室
681,店上西里36号302室,福建省厦门市思明区店上西里36号302室
682,店上西里36号<5367>莲前街道前埔南社区|莲前街道|302室,福建省厦门市思明区店上西里36号302室
683,店上东里15#前埔南社区306室,福建省厦门市思明区店上东里15号306室
684,古楼北里55号604室,福建省厦门市思明区古楼北里55号604室
685,洪文一里71号502室,福建省厦门市思明区洪文一里71号502室
686,厦航洪文小区3号楼楼下,福建省厦门市思明区洪文六里3号
687,洪文厦航小区3号楼,福建省厦门市思明区洪文六里3号
688,洪文一里123号瑞景-402室,福建省厦门市思明区洪文一里123号402室
689,福建省厦门市思明区洪莲中路54号,福建省厦门市思明区洪莲中路54号
690,洪文五里华瑞花园52$301室,福建省厦门市思明区洪文五里52号301室
691,前埔北区|二里156号106室,福建省厦门市思明区前埔二里156号106室
692,洪莲里81号304室,福建省厦门市思明区洪莲里81号304室
693,洪文七里39号瑞景社区|1602室,福建省厦门市思明区洪文七里39号1602室
694,莲前西路697号(9543)莲前莲顺社区\\莲前\\202室,福建省厦门市思明区莲前西路697号202室
695,72绿洲花园824号301室,福建省厦门市思明区莲前东路824号301室
696,前埔一里70号前埔北社区102室,福建省厦门市思明区前埔一里70号102室
697,西林社50-102号,福建省厦门市思明区西林社50-102号
698,洪文四里18号1001室,福建省厦门市思明区洪文四里18号1001室
699,莲前西路-214号莲怡社区401/,福建省厦门市思明区莲前西路214号401室
700,洪文六里厦航洪文小区(洪文六里)34#301室,福建省厦门市思明区洪文六里34号301室
701,古楼北里21号204室,福建省厦门市思明区古楼北里21号204室
702,44国贸新城40号601室,福建省厦门市思明区前埔二里40号601室
703,洪文六里厦航洪文小区(洪文六里)33$301室,福建省厦门市思明区洪文六里33号301室
704,前埔一里前埔北一里155$605室,福建省厦门市思明区前埔一里155号605室
705,西林东路-295号莲云-406室,福建省厦门市思明区西林东路295号406室
706,前埔一里前埔北一里52#106室,福建省厦门市思明区前埔一里52号106室
707,洪文六里152号莲翔社区102室,福建省厦门市思明区洪文六里152号102室
708,前埔一里151号前埔北-506室,福建省厦门市思明区前埔一里151号506室
709,前埔五里华林一期三期212#602室,福建省厦门市思明区前埔五里212号602室
710,洪文五里华瑞花园14#401室,福建省厦门市思明区洪文五里14号401室
711,店上东里店上东西里小区78#606室,福建省厦门市思明区店上东里78号606室
712,店上东里前埔南小区(店上东西里)78$606室,福建省厦门市思明区店上东里78号606室
713,店上东里店上东西里小区97#103室,福建省厦门市思明区店上东里97号103室
714,嘉盛豪园洪莲西里1号503,福建省厦门市思明区洪莲西里1号503室
715,莲前西路-184号龙山桥/306室,福建省厦门市思明区莲前西路184号306室
716,西林路-40号莲怡社区503室,福建省厦门市思明区西林路40号503室
717,洪文一里瑞景新村87$202室,福建省厦门市思明区洪文一里87号202室
718,西林社111号公寓111号403室,福建省厦门市思明区西林社111号403室
719,洪文村洪文五里85号<851>莲前街道洪文村洪文社区|莲前街道|101室,福建省厦门市思明区洪文五里85号101室
720,洪文村洪文四里17号<7537>莲前街道瑞景社区|莲前街道|1101室,福建省厦门市思明区洪文四里17号1101室
721,厦航洪文小区(洪文六里)13号402室,福建省厦门市思明区洪文六里13号402室
722,洪莲路104号201室,福建省厦门市思明区洪莲路104号201室
723,洪文八里66号,福建省厦门市思明区洪文八里66号
724,前埔一里166号606室,福建省厦门市思明区前埔一里166号606室
725,西林西里141-2号,福建省厦门市思明区西林西里141-2号
726,西林西里141-5号,福建省厦门市思明区西林西里141-5号
727,西林西里21号702室,福建省厦门市思明区西林西里21号702室
728,古楼北里古楼南里18$703室,福建省厦门市思明区古楼北里18号703室
729,洪莲西路19号,福建省厦门市思明区洪莲西路19号
730,店上东里前埔南小区(店上东西里)97$603室,福建省厦门市思明区店上东里97号603室
731,嘉盛豪园32号14楼,福建省厦门市思明区洪莲西里32号1401室
732,洪文三里21号702,福建省厦门市思明区洪文三里21号702室
733,64前埔北一 里 162号405,福建省厦门市思明区前埔一里162号405室
734,洪文村洪文八里91号(3595)莲前莲翔社区\\莲前\\601室,福建省厦门市思明区洪文八里91号601室
735,洪文石村社北片区8号洪文石村社北片区8号,福建省厦门市思明区洪文石村社北片区8号
736,92金鸡亭花园小区93 号、402 室号、,福建省厦门市思明区西林西里93号402室
737,莲前西路-232号莲怡-702室,福建省厦门市思明区莲前西路232号702室
738,东浦三里26号1602,福建省厦门市思明区东浦三里26号1602室
739,东山社94号,福建省厦门市思明区东山社94号
740,云顶岩路55号<0499>莲前街道|莲云社区|莲前街道|209室,福建省厦门市思明区云顶岩路55号209室
741,57文兴东三里5号201室,福建省厦门市思明区文兴东三里5-1号201室
742,东浦路176号<3203>莲前街道龙山桥社区|莲前街道|601室,福建省厦门市思明区东浦路176号601室
743,文兴东三里30号(941)莲前思明前埔南社区\莲前\704室,福建省厦门市思明区文兴东三里30号704室
744,西林西里144-5号,福建省厦门市思明区西林西里144-5号
745,洪莲里105号<3888>莲前街道侨福社区||莲前街道||301室,福建省厦门市思明区洪莲里105号301室
746,店上东里33号(7174)莲前思明前埔南社区\\莲前\\105室,福建省厦门市思明区店上东里33号105室
747,洪文八里厦航洪文小区(洪文六里)119$201室,福建省厦门市思明区洪文八里119号201室
748,玉成豪园799号1002,福建省厦门市思明区莲前西路799号1002室
749,云顶岩路43号(8309)莲前莲云社区\\莲前\\201室,福建省厦门市思明区云顶岩路43号201室
750,东浦三里4号<4602>莲前街道龙山桥社区||莲前街道||901室,福建省厦门市思明区东浦三里4号901室
751,前埔二里30号201室,福建省厦门市思明区前埔二里30号201室
752,思明前埔五里208号(5958)莲前莲薇社区|莲前|301室,福建省厦门市思明区前埔五里208号301室
753,洪莲里34号莲丰-404室,福建省厦门市思明区洪莲里34号404室
754,店上东里83号前埔南-404室,福建省厦门市思明区店上东里83号404室
755,店上东里83号前埔南社区404室,福建省厦门市思明区店上东里83号404室
756,东浦路134号\2921\莲前龙山桥社区|莲前|207-1室,福建省厦门市思明区东浦路134号207-1室
757,云顶岩路-55号莲云-113室,福建省厦门市思明区云顶岩路55号113室
758,会展南路3号101室,福建省厦门市思明区会展南路3号101室
759,云景花园666号101,福建省厦门市思明区莲前东路666号101室
760,51明发商城52号201室,福建省厦门市思明区西林路52号201室
761,洪文六里厦航洪文小区(洪文六里)4$603室,福建省厦门市思明区洪文六里4号603室
762,前埔二里169号前埔北社区|313室,福建省厦门市思明区前埔二里169号313室
763,86瑞景新村60号201室,福建省厦门市思明区洪文一里60号201室
764,东浦路178号303室,福建省厦门市思明区东浦路178号303室
765,洪莲中二路6号6-4-302室（边检宿舍楼） /,福建省厦门市思明区洪莲中二路6-4号302室
766,古楼北里44号(3037)莲前思明前埔南社区\\莲前\\107室,福建省厦门市思明区古楼北里44号107室
767,前埔一里198号前埔北-101室,福建省厦门市思明区前埔一里198号101室
768,西林东里40号718室,福建省厦门市思明区西林东里40号718室
769,洪文七里38号瑞景社区|1901室,福建省厦门市思明区洪文七里38号1901室
770,金鸡亭小区79号楼梯口,福建省厦门市思明区西林西里79号
771,洪文八里45号莲翔社区701/,福建省厦门市思明区洪文八里45号701室
772,云顶岩路34号\3084\莲前莲云社区|莲前|202室,福建省厦门市思明区云顶岩路34号202室
773,11前埔北区|二里１９４号６０８室,福建省厦门市思明区前埔二里194号608室
774,52国贸新城55号104室,福建省厦门市思明区前埔二里55号104室
775,西林路20-14号,福建省厦门市思明区西林路20-14号
776,莲前东路-802号莲薇-602室,福建省厦门市思明区莲前东路802号602室
777,侨文里21号<5236>莲前街道侨福社区|莲前街道|202室,福建省厦门市思明区侨文里21号202室
778,益辉花园88号3o1室,福建省厦门市思明区洪莲路88号301室
779,洪文六里17号莲翔社区|402室,福建省厦门市思明区洪文六里17号402室
780,44店上东西里小区24号，205室,福建省厦门市思明区店上西里24号205室
781,10前埔北/一里84号602室,福建省厦门市思明区前埔一里84号602室
782,前埔北区|二里171  号\409室,福建省厦门市思明区前埔二里171号409室
783,前埔一里224号前埔北社区101室,福建省厦门市思明区前埔一里224号101室
784,思明前埔五里159号<4159>莲前街道|莲薇社区|莲前街道|501室,福建省厦门市思明区前埔五里159号501室
785,店上东里19号前埔南社区|504室,福建省厦门市思明区店上东里19号504室
786,联丰新城3号楼1201,福建省厦门市思明区洪莲路3号1201室
787,洪文三里洪文三里小区19$304室,福建省厦门市思明区洪文三里19号304室
788,西林东路永裕侨建闽联云顶岩303#301室,福建省厦门市思明区西林东路303号301室
789,侨文里26号(3615)莲前侨福社区\\莲前\\302室,福建省厦门市思明区侨文里26号302室
790,洪文四里4号瑞景社区101室,福建省厦门市思明区洪文四里4号101室
791,东浦路170号部队小区,福建省厦门市思明区东浦路170号
792,洪文六里191号洪文-402室,福建省厦门市思明区洪文六里191号402室
793,店上东里64号前埔南-203室,福建省厦门市思明区店上东里64号203室
794,洪莲中路洪山柄北区73号501室,福建省厦门市思明区洪莲西里73号501室
795,西林村西林社-1号,福建省厦门市思明区西林社-1号
796,洪文二里115号瑞景社区601/,福建省厦门市思明区洪文二里115号601室
797,洪文村洪文一里67号<7895>莲前街道瑞景社区|莲前街道|701室,福建省厦门市思明区洪文一里67号701室
798,西林社87号203室,福建省厦门市思明区西林社87号203室
799,西林西里118-4号店面,福建省厦门市思明区西林西里118-4号
800,西林西里云松居146|502室,福建省厦门市思明区西林西里146号502室
801,洪莲路联丰商城9|C101室,福建省厦门市思明区洪莲路9号C101室
802,莲前东路-621号侨福/201室,福建省厦门市思明区莲前东路621号201室
803,侨洪里侨福城小区一二三期1$1604室,福建省厦门市思明区侨洪里1号1604室
804,前埔一里前埔北一里86$204室,福建省厦门市思明区前埔一里86号204室
805,洪文六里27号502室,福建省厦门市思明区洪文六里27号502室
806,西林东里香榭园云顶花园167|706室,福建省厦门市思明区西林东里167号706室
807,西林西里金鸡亭花园小区38|301室,福建省厦门市思明区西林西里38号301室
808,洪莲里福满山庄92$601室,福建省厦门市思明区洪莲里92号601室
809,洪莲西里嘉盛豪园40|804室,福建省厦门市思明区洪莲西里40号804室
810,东浦三里3号龙山桥-1002室,福建省厦门市思明区东浦三里3号1002室
811,洪莲里福满山庄106|301室,福建省厦门市思明区洪莲里106号301室
812,红星安华小区1号802,福建省厦门市思明区东浦三里1号802室
813,店上东里前埔南小区(店上东西里)91$503室,福建省厦门市思明区店上东里91号503室
814,莲前西路202号,福建省厦门市思明区莲前西路202号
815,都市新巢2号1011,福建省厦门市思明区洪莲中路613号1011室
816,洪文五里1-6号小东北铁锅炖,福建省厦门市思明区洪文五里1-6号
817,洪莲中路296号瑞景双座第一栋3楼316,福建省厦门市思明区洪莲中路296号316室
818,侨洪里37号酒吧,福建省厦门市思明区侨洪里37号
819,西林东里144号莲云-C120室,福建省厦门市思明区西林东里144号C120室
820,东浦路-176号龙山桥-C104室,福建省厦门市思明区东浦路176号C104室
821,洪文村洪文三里21号<2139>莲前街道瑞景社区|莲前街道|C108室,福建省厦门市思明区洪文三里21号C108室
822,莲前西路-178号龙山桥社区C102室,福建省厦门市思明区莲前西路178号C102室
823,洪莲中路213-3号232室,福建省厦门市思明区洪莲中路213-3号232室
824,洪莲里联丰商城60$C115室,福建省厦门市思明区洪莲里60号C115室
825,文兴东二里10号前埔南-404室,福建省厦门市思明区文兴东二里10号404室
826,古楼南里4号701室,福建省厦门市思明区古楼南里4号701室
827,店上西里7号前埔南社区404/,福建省厦门市思明区店上西里7号404室
828,洪莲路益辉花园104$502室,福建省厦门市思明区洪莲路104号502室
829,益辉花园102号401室,福建省厦门市思明区洪莲路102号401室
830,前埔五里华林绿景花园159$601室,福建省厦门市思明区前埔五里159号601室
831,店上东里24号\6723\莲前思明前埔南社区|莲前|503室,福建省厦门市思明区店上东里24号503室
832,西林路-38号莲怡-101室,福建省厦门市思明区西林路38号101室
833,前埔二里144号前埔北社区203室,福建省厦门市思明区前埔二里144号203室
834,西林东里202号莲云-402室,福建省厦门市思明区西林东里202号402室
835,洪山柄北区136号302室,福建省厦门市思明区洪莲西里136号302室
836,洪莲西里144号洪文-402室,福建省厦门市思明区洪莲西里144号402室
837,洪莲东二里8号万景-2701室,福建省厦门市思明区洪莲东二里8号2701室
838,前埔二里前埔北区二里200$603室,福建省厦门市思明区前埔二里200号603室
839,洪莲西里83号洪文/402室,福建省厦门市思明区洪莲西里83号402室
840,洪莲西里76号洪文社区|301室,福建省厦门市思明区洪莲西里76号301室
841,洪文一里100号-瑞景社区301室,福建省厦门市思明区洪文一里100号301室
842,东浦路150号402室,福建省厦门市思明区东浦路150号402室
843,前埔西路-194号莲薇社区702室,福建省厦门市思明区前埔西路194号702室
844,洪文一里71号瑞景社区601/,福建省厦门市思明区洪文一里71号601室
845,店上东里62号前埔南社区802/,福建省厦门市思明区店上东里62号802室
846,店上西里31号前埔南/605室,福建省厦门市思明区店上西里31号605室
847,店上东里19号前埔南社区303室,福建省厦门市思明区店上东里19号303室
848,前埔北区|二里2o1号6o2室,福建省厦门市思明区前埔二里201号602室
849,洪莲西二路1462号2楼226室,福建省厦门市思明区洪莲西二路1462号226室
850,洪文一里瑞景新村19#202室,福建省厦门市思明区洪文一里19号202室
851,莲前东路808号(5308)莲前莲薇社区\\莲前\\C107室,福建省厦门市思明区莲前东路808号C107室
852,华瑞花园50号C101室,福建省厦门市思明区洪文五里50号C101室
853,前埔二里168-4号前埔北-201室,福建省厦门市思明区前埔二里168-4号201室
854,前埔一里139-1号,福建省厦门市思明区前埔一里139-1号
855,红星瑞景小区1号楼201,福建省厦门市思明区洪文四里1号201室
856,金尚路-32号莲顺社区102/,福建省厦门市思明区金尚路32号102室
857,店上东里前埔南小区(店上东西里)76#202室,福建省厦门市思明区店上东里76号202室
858,86前埔北/一里64号402室,福建省厦门市思明区前埔一里64号402室
859,前埔二里国贸新城36$304室,福建省厦门市思明区前埔二里36号304室
860,49华林东盛花园1号1003室,福建省厦门市思明区前埔东一里1号1003室
861,莲前西路云亭花园344#602室,福建省厦门市思明区莲前西路344-2号602室
862,前埔一里前埔北一里228$602室,福建省厦门市思明区前埔一里228号602室
863,思明前埔一里215号<2393>莲前街道前埔北社区|莲前街道|511室,福建省厦门市思明区前埔一里215号511室
864,洪莲路益辉花园90$202室,福建省厦门市思明区洪莲路90号202室
865,店上东里店上东西里小区91$604室,福建省厦门市思明区店上东里91号604室
866,10前埔北/一里164号102室,福建省厦门市思明区前埔一里164号102室
867,前埔一里前埔北一里180$705室,福建省厦门市思明区前埔一里180号705室
868,金磊花园33号2o4室,福建省厦门市思明区西林西二里33号204室
869,前埔西路377号,福建省厦门市思明区前埔西路377号
870,店上东里39号前埔南-206室,福建省厦门市思明区店上东里39号206室
871,93瑞景新村56号702室,福建省厦门市思明区洪文一里56号702室
872,洪山柄北区135号201室,福建省厦门市思明区洪莲西里135号201室
873,洪文六里云景花园140#702室,福建省厦门市思明区洪文六里140号702室
874,洪文村洪文一里4号<6388>莲前街道瑞景社区||莲前街道||601室,福建省厦门市思明区洪文一里4号601室
875,莲前西路云亭花园332#602室,福建省厦门市思明区莲前西路332号602室
876,前埔二里前埔北区二里219$604室,福建省厦门市思明区前埔二里219号604室
877,前埔东一里7号前埔北社区1401室,福建省厦门市思明区前埔东一里7号1401室
878,古楼南里38号606室,福建省厦门市思明区古楼北里38号606室
879,店上东里前埔南小区(店上东西里)92#301室,福建省厦门市思明区店上东里92号301室
880,店上东里店上东西里小区92#301室,福建省厦门市思明区店上东里92号301室
881,前埔一里前埔北一里231$505室,福建省厦门市思明区前埔一里231号505室
882,前埔二里52号前埔北社区301-1室,福建省厦门市思明区前埔二里52号301-1室
883,东浦路172号(7496)莲前龙山桥社区|莲前|C112室,福建省厦门市思明区东浦路172号C112室
884,易地办安置房158号702室,福建省厦门市思明区西林西里158号702室
885,西林东里9号701室,福建省厦门市思明区西林东里9号701室
886,68广顺花园717号601室,福建省厦门市思明区莲前西路717号601室
887,瑞景新村42号102室,福建省厦门市思明区洪文一里42号102室
888,洪文八里76号,福建省厦门市思明区洪文八里76号
889,莲前东路-754号莲薇/408室,福建省厦门市思明区莲前东路754号408室
890,洪文五里华瑞花园17|401室,福建省厦门市思明区洪文五里17号401室
891,建群雅苑43号401,福建省厦门市思明区前埔一里43号401室
892,莲前东路840号(1447)莲前街道|莲薇社区||莲前街道||105室,福建省厦门市思明区莲前东路840号105室
893,西林西二里14号莲怡-102室,福建省厦门市思明区西林西二里14号102室
894,前埔一里189号前埔北社区601室,福建省厦门市思明区前埔一里189号601室
895,田厝路-3号前埔北社区407室,福建省厦门市思明区田厝路3号407室
896,洪文一里98号瑞景社区302|,福建省厦门市思明区洪文一里98号302室
897,东方大院38号602、,福建省厦门市思明区金尚路38号602室
898,洪莲里113号侨福-102室,福建省厦门市思明区洪莲里113号102室
899,金鸡亭花园小区98号301室,福建省厦门市思明区西林西里98号301室
900,洪莲东二里41号-万景社区|1101室,福建省厦门市思明区洪莲东二里41号1101室
901,洪文八里98号莲翔社区601室,福建省厦门市思明区洪文八里98号601室
902,文兴东一里13号前埔南社区606室,福建省厦门市思明区文兴东一里13号606室
903,西林东里金鸡亭花园小区123$101室,福建省厦门市思明区西林东里123号101室
904,前埔一里200号前埔北-605室,福建省厦门市思明区前埔一里200号605室
905,洪文三里7号瑞景-301室,福建省厦门市思明区洪文三里7号301室
906,洪文六里厦航洪文小区(洪文六里)39$701室,福建省厦门市思明区洪文六里39号701室
907,云顶中路-729号莲顺社区503|,福建省厦门市思明区云顶中路729号503室
908,洪莲西里27号莲丰社区701室,福建省厦门市思明区洪莲西里27号701室
909,洪莲西里30号302,福建省厦门市思明区洪莲西里30号302室
910,洪文五里91#洪文社区404室,福建省厦门市思明区洪文五里91号404室
911,前埔六里9号莲翔社区|1802室,福建省厦门市思明区前埔六里9号1802室
912,角美镇会展北路6号E栋宿舍楼201室,福建省厦门市思明区会展北路6号201室
913,瑞景新村83号5o2室,福建省厦门市思明区洪文一里83号502室
914,洪文八里40号,福建省厦门市思明区洪文八里40号
915,前埔一里233号901室,福建省厦门市思明区前埔一里233号901室
916,古楼北里24号前埔南社区|506室,福建省厦门市思明区古楼北里24号506室
917,前埔东一里16号前埔东一里16号1202室,福建省厦门市思明区前埔东一里16号1202室
918,东芳山庄51号,福建省厦门市思明区东芳山庄51号
919,前埔店上东里100号501,福建省厦门市思明区店上东里100号501室
920,店上东里100号前埔南社区501室,福建省厦门市思明区店上东里100号501室
921,洪莲里64号302室,福建省厦门市思明区洪莲里64号302室
922,云顶中路民盛安置房735$502室,福建省厦门市思明区云顶中路735号502室
923,洪文村洪文一里66号(5471)莲前瑞景社区\\莲前\\102室,福建省厦门市思明区洪文一里66号102室
924,洪莲路益辉花园62#701室,福建省厦门市思明区洪莲路62号701室
925,48嘉盛豪园101号702室,福建省厦门市思明区莲前东路101号702室
926,思明前埔一里77号<5563>莲前街道前埔北社区|莲前街道|402室,福建省厦门市思明区前埔一里77号402室
927,前埔二里183#前埔北社区504室,福建省厦门市思明区前埔二里183号504室
928,洪文村洪文一里109号(8464)莲前瑞景社区\莲前\302室,福建省厦门市思明区洪文一里109号302室
929,61前埔南小区/(店上东西 里 )92号502,福建省厦门市思明区店上东里92号502室
930,莲前东路-752号莲薇社区402室,福建省厦门市思明区莲前东路752号402室
931,前埔东一里3#前埔北社区802室,福建省厦门市思明区前埔东一里3号802室
932,洪莲路17-137号,福建省厦门市思明区洪莲路17-137号
933,思明前埔一里154号<863>莲前街道前埔北社区||莲前街道||407室,福建省厦门市思明区前埔一里154号407室
934,洪文六里云景花园138$102室,福建省厦门市思明区洪文六里138号102室
935,前埔一里221号407室,福建省厦门市思明区前埔一里221号407室
936,思明前埔二里165号(2329)莲前街道前埔北社区\\莲前街道\\105室,福建省厦门市思明区前埔二里165号105室
937,金尚路36号<2443>莲前街道|莲顺社区|莲前街道|101室,福建省厦门市思明区金尚路36号101室
938,厦航洪文小区(洪文六里)58号202室,福建省厦门市思明区洪文六里58号202室
939,51店上东西里小区87号604室,福建省厦门市思明区店上东里87号604室
940,思明前埔东一里6号(3493)莲前思明前埔北社区\莲前\603室,福建省厦门市思明区前埔东一里6号603室
941,潘宅南小区189号302之1室,福建省厦门市思明区洪文六里189号302-1室
942,云顶中路-705号莲顺-301室,福建省厦门市思明区云顶中路705号301室
943,洪文四里15号1202室,福建省厦门市思明区洪文四里15号1202室
944,莲前西路-242#莲怡社区703室,福建省厦门市思明区莲前西路242号703室
945,店上东里74号<4706>莲前街道前埔南社区||莲前街道||506室,福建省厦门市思明区店上东里74号506室
946,店上东里81号404室,福建省厦门市思明区店上东里81号404室
947,古楼北里70号(6031)莲前思明前埔南社区\\莲前\\404室,福建省厦门市思明区古楼北里70号404室
948,文兴东三里25号前埔南-201室,福建省厦门市思明区文兴东三里25号201室
949,洪文六里15号莲翔社区|102室,福建省厦门市思明区洪文六里15号102室
950,前埔五里156号莲薇社区301室,福建省厦门市思明区前埔五里156号301室
951,店上东里66号(533)莲前街道前埔南社区\\莲前街道\\605室,福建省厦门市思明区店上东里66号605室
952,西林东里141号302室,福建省厦门市思明区西林东里141号302室
953,思明前埔五里156号<8835>莲前街道|莲薇社区|莲前街道|202室,福建省厦门市思明区前埔五里156号202室
954,东浦路138-1号,福建省厦门市思明区东浦路138-1号
955,莲前西路-743号莲顺社区501|,福建省厦门市思明区莲前西路743号501室
956,东浦路-252号龙山桥社区|701室,福建省厦门市思明区东浦路252号701室
957,洪莲里98号侨福社区|201室,福建省厦门市思明区洪莲里98号201室
958,西林西里2号金鸡亭社区103|,福建省厦门市思明区西林西里2号103室
959,店上东里54号前埔南-502室,福建省厦门市思明区店上东里54号502室
960,洪文八里100号莲翔-302室,福建省厦门市思明区洪文八里100号302室
961,前埔二里130号前埔北社区|205室,福建省厦门市思明区前埔二里130号205室
962,莲前西路-112号龙山桥社区702/,福建省厦门市思明区莲前西路112号702室
963,洪莲西里36号1002室,福建省厦门市思明区洪莲西里36号1002室
964,莲前西路-707号莲顺社区704室,福建省厦门市思明区莲前西路707号704室
965,洪文一里1号瑞景社区502|,福建省厦门市思明区洪文一里1号502室
966,前埔二里3号702室,福建省厦门市思明区前埔二里3号702室
967,洪文八里120号302室,福建省厦门市思明区洪文八里120号302室
968,西林西二里24号莲怡社区202室,福建省厦门市思明区西林西二里24号202室
969,东芳山庄39号,福建省厦门市思明区东芳山庄39号
970,洪文七里82-2号莲翔社区602室,福建省厦门市思明区洪文七里82-2号602室
971,西林西二里3号莲怡-402室,福建省厦门市思明区西林西二里3号402室
972,前埔一里63号603室,福建省厦门市思明区前埔一里63号603室
973,前埔二里国贸新城37$201室,福建省厦门市思明区前埔二里37号201室
974,莲前西路-144#龙山桥社区202室,福建省厦门市思明区莲前西路144号202室
975,洪莲里新潘宅小区85$201-7室,福建省厦门市思明区洪莲里85号201-7室
976,前埔二里28-14号,福建省厦门市思明区前埔二里28-14号
977,西林社121号403室,福建省厦门市思明区西林社121号403室
978,洪文石村社南片区46号204室,福建省厦门市思明区洪文石村社南片区46号204室
979,东浦路180号<3137>莲前街道龙山桥社区|莲前街道|C107室,福建省厦门市思明区东浦路180号C107室
980,东浦三里18号(6065)莲前街道龙山桥社区||莲前街道||C110室,福建省厦门市思明区东浦三里18号C110室
981,华林绿景花园137号201、,福建省厦门市思明区前埔五里137号201室
982,洪文村洪文一里27号<2027>莲前街道瑞景社区||莲前街道||401室,福建省厦门市思明区洪文一里27号401室
983,洪文村洪文一里35号(151)莲前瑞景社区\\莲前\\401室,福建省厦门市思明区洪文一里35号401室
984,店上西里店上东西里小区52#203室,福建省厦门市思明区店上西里52号203室
985,前埔一里前埔北一里236$1105室,福建省厦门市思明区前埔一里236号1105室
986,前埔一里226号206室,福建省厦门市思明区前埔一里226号206室
987,莲前东路748号(9217)莲前莲薇社区\\莲前\\505室,福建省厦门市思明区莲前东路748号505室
988,思明前埔东一里1号<8152>莲前街道前埔北社区|莲前街道|902室,福建省厦门市思明区前埔东一里1号902室
989,前埔二里前埔北区二里169#413室,福建省厦门市思明区前埔二里169号413室
990,前埔五里华林一期三期209$803室,福建省厦门市思明区前埔五里209号803室
991,古楼北里3号(561)莲前思明前埔南社区\\莲前\\201室,福建省厦门市思明区古楼北里3号201室
992,洪莲西里52号501室,福建省厦门市思明区洪莲西里52号501室
993,店上西里10号<3679>莲前街道前埔南社区||莲前街道||206室,福建省厦门市思明区店上西里10号206室
994,洪莲路-11号莲丰-202室,福建省厦门市思明区洪莲路11号202室
995,云顶中路534号,福建省厦门市思明区云顶中路534号
996,莲前西路342-2号\4569\莲前莲怡社区|莲前|202室,福建省厦门市思明区莲前西路342-2号202室
997,洪文村洪文五里12号(1256)莲前瑞景社区\\莲前\\201室,福建省厦门市思明区洪文五里12号201室
998,洪莲西里150号102室,福建省厦门市思明区洪莲西里150号102室
999,70洪山柄北区15o号1o2室,福建省厦门市思明区洪莲西里150号102室
1000,东浦三里12号(6505)莲前龙山桥社区\\莲前\\102室,福建省厦门市思明区东浦三里12号102室
